[{"id":"eac49640-b764-47ec-9863-c22eca1fcd5d","path":"Changes/Changes.mp3","metadata":{"title":"Changes","artist":"2Pac feat. Talent","albumArtist":"2Pac","album":"Changes","genre":"Hip-Hop, Rap","trackNumber":5,"year":1998,"cover":"e4b041de-bb46-417b-859a-670192e52e32"},"match":null},{"id":"fd7bfa94-b9c6-44cc-9983-fdc9585fee6e","path":"California Love/California Love.mp3","metadata":{"title":"California Love","artist":"2Pac feat. Dr. Dre","albumArtist":"2Pac","album":"California Love","genre":"Hip-Hop, Rap","trackNumber":1,"year":1995,"cover":"6c84f878-8d39-411c-a4ed-2306ed2d4836"},"match":null},{"id":"a7326a49-213a-4177-aaf5-e20c6024cc66","path":"Youngblood/Youngblood.mp3","metadata":{"title":"Youngblood","artist":"5 Seconds Of Summer","albumArtist":"5 Seconds Of Summer","album":"Youngblood","genre":"Pop","trackNumber":1,"year":2018,"cover":"82484bfc-41c2-43d0-ae5a-384b8e1e14f3"},"match":null},{"id":"9e51680c-e355-4ab6-b068-503d62545384","path":"009 Sound System/Dreamscape.mp3","metadata":{"title":"Dreamscape","artist":"009 Sound System","albumArtist":"009 Sound System","album":"009 Sound System","genre":"Trance","trackNumber":1,"year":2009,"cover":"6a948283-375e-4138-b0fd-24acbf7bc0a9"},"match":null},{"id":"94ae9fd6-e630-4feb-9930-5326f20613c3","path":"This Is War/This Is War.mp3","metadata":{"title":"This Is War","artist":"30 Seconds To Mars","albumArtist":"Thirty Seconds To Mars","album":"This Is War","genre":"Pop","trackNumber":4,"year":2009,"cover":"a92091a1-28c8-40d3-ad47-920a02c95fbf"},"match":null},{"id":"c0f03331-44c0-426b-b903-2ee8bf7e9dee","path":"Get Rich or Die Tryin'/In Da Club.mp3","metadata":{"title":"In Da Club","artist":"50 Cent","albumArtist":"50 Cent","album":"Get Rich or Die Tryin'","genre":"Hip-Hop, Rap","trackNumber":1,"year":2003,"cover":"210971dd-4b32-49c4-9794-18425f7af308"},"match":null},{"id":"7c1c92b2-1695-4381-b0fc-3eb785b06c87","path":"The Massacre (Special Edition)/Candy Shop.mp3","metadata":{"title":"Candy Shop","artist":"50 Cent feat. Olivia","albumArtist":"50 Cent","album":"The Massacre (Special Edition)","genre":"Hip-Hop, Rap","trackNumber":7,"year":2005,"cover":"9b1b304f-ce90-4c28-8c8c-b8470457de5e"},"match":null},{"id":"dc61ad79-225f-4b63-bdd2-30abb3694004","path":"Guilty Conscience (Tame Impala Remix)/Guilty Conscience (Tame Impala Remix).mp3","metadata":{"title":"Guilty Conscience (Tame Impala Remix)","artist":"070 Shake","albumArtist":"070 Shake","album":"Guilty Conscience (Tame Impala Remix)","genre":"Psychedelic Pop","trackNumber":1,"year":2020,"cover":"b5f191c2-14b7-42cb-b8db-54780b1e5a79"},"match":null},{"id":"d69e684a-ac5e-4fc1-845a-6697bf070f07","path":"AT.LONG.LAST.A$AP/Everyday.mp3","metadata":{"title":"Everyday","artist":"A$AP Rocky feat. Rod Stewart, Miguel & Mark Ronson","albumArtist":"A$AP Rocky","album":"AT.LONG.LAST.A$AP","genre":"Hip-Hop/Rap","trackNumber":17,"year":2015,"cover":"36b9c7bb-ae1e-4d97-a12a-fba0241d6d3a"},"match":null},{"id":"9fadad0c-011c-4ceb-a845-67bbe6bb9d9b","path":"AT.LONG.LAST.A$AP/L_D.mp3","metadata":{"title":"L$D","artist":"A$AP Rocky","albumArtist":"A$AP Rocky","album":"AT.LONG.LAST.A$AP","genre":"Hip-Hop/Rap","trackNumber":4,"year":2015,"cover":"36b9c7bb-ae1e-4d97-a12a-fba0241d6d3a"},"match":null},{"id":"5c471206-2d65-48f2-84ad-34091dbe58d8","path":"LONG.LIVE.A$AP/Wild For The Night.mp3","metadata":{"title":"Wild For The Night","artist":"A$AP ROCKY feat. Skrillex & Birdy Nam Nam","albumArtist":"A$AP ROCKY","album":"LONG.LIVE.A$AP","genre":"Trap","trackNumber":8,"year":2013,"cover":"268fc2fc-e31f-4f23-a1cf-c98f22c0d95b"},"match":null},{"id":"dfc63b3b-2678-481e-9c14-ecc53e005265","path":"Sundress/Sundress.mp3","metadata":{"title":"Sundress","artist":"A$AP Rocky","albumArtist":"A$AP Rocky","album":"Sundress","genre":"Hip-Hop, Rap","trackNumber":1,"year":2018,"cover":"8688c63f-9b19-4851-af8f-3112c662cd13"},"match":null},{"id":"08e0faf7-e777-4219-ae42-dfb011f7cad0","path":"TESTING/Praise the Lord (Da Shine).mp3","metadata":{"title":"Praise the Lord (Da Shine)","artist":"A$AP Rocky feat. Skepta","albumArtist":"A$AP Rocky","album":"TESTING","genre":"Hip-Hop, Rap","trackNumber":5,"year":2018,"cover":"37ed0f7b-8db6-40c0-b9f7-b519a6ddd3cf"},"match":null},{"id":"e0cee01b-b965-408b-8bd6-9de958ccbb02","path":"ABBA Gold/Fernando.mp3","metadata":{"title":"Fernando","artist":"ABBA","albumArtist":"ABBA","album":"ABBA Gold","genre":"Disco","trackNumber":12,"year":1992,"cover":"3e1eba5e-b252-48d2-9e11-0f5983cfc719"},"match":null},{"id":"fe674d62-32a6-48ba-97b1-5087bc565fe8","path":"ABBA Gold/Does Your Mother Know.mp3","metadata":{"title":"Does Your Mother Know","artist":"ABBA","albumArtist":"ABBA","album":"ABBA Gold","genre":"Disco","trackNumber":15,"year":1992,"cover":"3e1eba5e-b252-48d2-9e11-0f5983cfc719"},"match":null},{"id":"ac84058b-4c3d-40ee-aae3-656212723ac7","path":"ABBA Gold/Dancing Queen.mp3","metadata":{"title":"Dancing Queen","artist":"ABBA","albumArtist":"ABBA","album":"ABBA Gold","genre":"Disco","trackNumber":1,"year":1992,"cover":"3e1eba5e-b252-48d2-9e11-0f5983cfc719"},"match":null},{"id":"7c56cdd0-fcf1-42e3-bacd-94e898bf7ee0","path":"ABBA Gold/Lay All Your Love On Me.mp3","metadata":{"title":"Lay All Your Love On Me","artist":"ABBA","albumArtist":"ABBA","album":"ABBA Gold","genre":"Disco","trackNumber":5,"year":1992,"cover":"3e1eba5e-b252-48d2-9e11-0f5983cfc719"},"match":null},{"id":"57440835-0288-4826-8cef-6c969eefd359","path":"ABBA Gold/Money, Money, Money.mp3","metadata":{"title":"Money, Money, Money","artist":"ABBA","albumArtist":"ABBA","album":"ABBA Gold","genre":"Disco","trackNumber":9,"year":1992,"cover":"3e1eba5e-b252-48d2-9e11-0f5983cfc719"},"match":null},{"id":"fb8c3801-a5c5-40f1-8b5b-74e2745f1463","path":"ABBA Gold/I Have A Dream.mp3","metadata":{"title":"I Have A Dream","artist":"ABBA","albumArtist":"ABBA","album":"ABBA Gold","genre":"Disco","trackNumber":7,"year":1992,"cover":"3e1eba5e-b252-48d2-9e11-0f5983cfc719"},"match":null},{"id":"be983761-3f05-4b6f-b840-2e37f067b40d","path":"ABBA Gold/Chiquitita.mp3","metadata":{"title":"Chiquitita","artist":"ABBA","albumArtist":"ABBA","album":"ABBA Gold","genre":"Disco","trackNumber":11,"year":1992,"cover":"3e1eba5e-b252-48d2-9e11-0f5983cfc719"},"match":null},{"id":"28504b56-7f78-4aba-a9ed-c779dc77157c","path":"ABBA Gold/Take A Chance On Me.mp3","metadata":{"title":"Take A Chance On Me","artist":"ABBA","albumArtist":"ABBA","album":"ABBA Gold","genre":"Disco","trackNumber":3,"year":1992,"cover":"3e1eba5e-b252-48d2-9e11-0f5983cfc719"},"match":null},{"id":"a79f22aa-0b5e-4810-bce7-fec9c7065084","path":"ABBA Gold/Knowing Me, Knowing You.mp3","metadata":{"title":"Knowing Me, Knowing You","artist":"ABBA","albumArtist":"ABBA","album":"ABBA Gold","genre":"Disco","trackNumber":2,"year":1992,"cover":"3e1eba5e-b252-48d2-9e11-0f5983cfc719"},"match":null},{"id":"08dc195d-01d4-4fe1-8adf-571b3c54f8b4","path":"ABBA Gold/Voulez-Vous.mp3","metadata":{"title":"Voulez-Vous","artist":"ABBA","albumArtist":"ABBA","album":"ABBA Gold","genre":"Disco","trackNumber":13,"year":1992,"cover":"3e1eba5e-b252-48d2-9e11-0f5983cfc719"},"match":null},{"id":"489ad995-8edf-4849-9a70-b5e77c28ca08","path":"ABBA Gold/S.O.S..mp3","metadata":{"title":"S.O.S.","artist":"ABBA","albumArtist":"ABBA","album":"ABBA Gold","genre":"Disco","trackNumber":10,"year":1992,"cover":"3e1eba5e-b252-48d2-9e11-0f5983cfc719"},"match":null},{"id":"f9c7d1c8-0441-49a1-97cc-beabab0e3d4d","path":"ABBA Gold/Gimme! Gimme! Gimme! (A Man After Midnight).mp3","metadata":{"title":"Gimme! Gimme! Gimme! (A Man After Midnight)","artist":"ABBA","albumArtist":"ABBA","album":"ABBA Gold","genre":"Disco","trackNumber":14,"year":1992,"cover":"3e1eba5e-b252-48d2-9e11-0f5983cfc719"},"match":null},{"id":"c45fbf7e-5236-4a8d-8bdd-ce77fa073c6b","path":"ABBA Gold/One Of Us.mp3","metadata":{"title":"One Of Us","artist":"ABBA","albumArtist":"ABBA","album":"ABBA Gold","genre":"Disco","trackNumber":16,"year":1992,"cover":"3e1eba5e-b252-48d2-9e11-0f5983cfc719"},"match":null},{"id":"c7973849-78d6-4c9a-bae9-8a4497b04f6e","path":"ABBA Gold/Super Trouper.mp3","metadata":{"title":"Super Trouper","artist":"ABBA","albumArtist":"ABBA","album":"ABBA Gold","genre":"Disco","trackNumber":6,"year":1992,"cover":"3e1eba5e-b252-48d2-9e11-0f5983cfc719"},"match":null},{"id":"05777005-be83-43e0-a34f-e63a1e92d06d","path":"ABBA Gold/The Name Of The Game.mp3","metadata":{"title":"The Name Of The Game","artist":"ABBA","albumArtist":"ABBA","album":"ABBA Gold","genre":"Disco","trackNumber":17,"year":1992,"cover":"3e1eba5e-b252-48d2-9e11-0f5983cfc719"},"match":null},{"id":"026536d6-92ac-470b-9444-8993f9260d42","path":"ABBA Gold/Mamma Mia.mp3","metadata":{"title":"Mamma Mia","artist":"ABBA","albumArtist":"ABBA","album":"ABBA Gold","genre":"Disco","trackNumber":4,"year":1992,"cover":"3e1eba5e-b252-48d2-9e11-0f5983cfc719"},"match":null},{"id":"3b810f96-14dc-4745-b5ae-c470d1b66ec5","path":"ABBA Gold/Waterloo.mp3","metadata":{"title":"Waterloo","artist":"ABBA","albumArtist":"ABBA","album":"ABBA Gold","genre":"Disco","trackNumber":19,"year":1992,"cover":"3e1eba5e-b252-48d2-9e11-0f5983cfc719"},"match":null},{"id":"48d6008b-9310-45e2-b058-346bbbfc717c","path":"ABBA Gold/Thank You For The Music.mp3","metadata":{"title":"Thank You For The Music","artist":"ABBA","albumArtist":"ABBA","album":"ABBA Gold","genre":"Disco","trackNumber":18,"year":1992,"cover":"3e1eba5e-b252-48d2-9e11-0f5983cfc719"},"match":null},{"id":"5f884b5f-0a47-4c01-a28f-9b3cd933f1a5","path":"ABBA Gold/The Winner Takes It All.mp3","metadata":{"title":"The Winner Takes It All","artist":"ABBA","albumArtist":"ABBA","album":"ABBA Gold","genre":"Disco","trackNumber":8,"year":1992,"cover":"3e1eba5e-b252-48d2-9e11-0f5983cfc719"},"match":null},{"id":"98701cc3-3933-4da7-b6c4-935494994f14","path":"Gimme! Gimme! (DJ Dmoll Remix)/Gimme! Gimme! (DJ Dmoll Remix).mp3","metadata":{"title":"Gimme! Gimme! (DJ Dmoll Remix)","artist":"Abba","albumArtist":"Abba","album":"Gimme! Gimme! (DJ Dmoll Remix)","genre":"Pop","trackNumber":1,"year":2020,"cover":"18c99c75-fc8c-449e-8ddb-ac7b831d797e"},"match":null},{"id":"561b922d-7202-4e21-b52d-7bafce669831","path":"Reverie/Reverie.mp3","metadata":{"title":"Reverie","artist":"Above & Beyond feat. Zoë Johnston","albumArtist":"Above & Beyond","album":"Reverie","genre":"Trance","trackNumber":1,"year":2020,"cover":"b1a5d5c0-fca8-4fc5-9d41-5746ae12a9f9"},"match":null},{"id":"98b8ad39-554f-49f8-9153-22c1e0bc89f9","path":"Back In Black/Shoot to Thrill.mp3","metadata":{"title":"Shoot to Thrill","artist":"AC","albumArtist":"AC/DC","album":"Back In Black","genre":"Hard Rock","trackNumber":2,"year":1980,"cover":"adb6a244-c2ee-4c1a-9e48-1dacea824ee5"},"match":null},{"id":"2fc5da55-8857-4a1b-bd8e-8cfb72c74140","path":"Back In Black/Back In Black.mp3","metadata":{"title":"Back In Black","artist":"AC","albumArtist":"AC/DC","album":"Back In Black","genre":"Hard Rock","trackNumber":6,"year":1980,"cover":"adb6a244-c2ee-4c1a-9e48-1dacea824ee5"},"match":null},{"id":"3d446dcc-0bfb-4fdf-a993-b3056fa6f6a4","path":"Back In Black/You Shook Me All Night Long.mp3","metadata":{"title":"You Shook Me All Night Long","artist":"AC","albumArtist":"AC/DC","album":"Back In Black","genre":"Hard Rock","trackNumber":7,"year":1980,"cover":"adb6a244-c2ee-4c1a-9e48-1dacea824ee5"},"match":null},{"id":"bfcac9e6-cccd-48dd-88b4-24834f47609c","path":"Back In Black/Hells Bells.mp3","metadata":{"title":"Hells Bells","artist":"AC","albumArtist":"AC/DC","album":"Back In Black","genre":"Hard Rock","trackNumber":1,"year":1980,"cover":"adb6a244-c2ee-4c1a-9e48-1dacea824ee5"},"match":null},{"id":"c942a803-f8bf-459f-a6b6-1f7d4348a4aa","path":"Black Ice/Black Ice.mp3","metadata":{"title":"Black Ice","artist":"AC","albumArtist":null,"album":"Black Ice","genre":"Hard Rock","trackNumber":2,"year":2008,"cover":"80d26b58-beb9-49fd-b719-4d5faf433687"},"match":null},{"id":"0395f536-dfa8-4d73-8647-c927f70619d4","path":"Black Ice/Rock N Roll Train.mp3","metadata":{"title":"Rock N Roll Train","artist":"AC","albumArtist":null,"album":"Black Ice","genre":"Hard Rock","trackNumber":1,"year":2008,"cover":"80d26b58-beb9-49fd-b719-4d5faf433687"},"match":null},{"id":"f875689c-e238-4e03-b998-5ebcd70a726c","path":"High Voltage/T.N.T..mp3","metadata":{"title":"T.N.T.","artist":"AC","albumArtist":"AC/DC","album":"High Voltage","genre":"Hard Rock","trackNumber":5,"year":1976,"cover":"ded198e0-e30c-422f-b1cd-e83122274719"},"match":null},{"id":"27d17427-2654-4aa6-b061-65b17d8182c9","path":"Highway to Hell/Highway to Hell.mp3","metadata":{"title":"Highway to Hell","artist":"AC","albumArtist":"AC/DC","album":"Highway to Hell","genre":"Hard Rock","trackNumber":1,"year":1979,"cover":"2462ecc5-c011-413c-9596-2d265413ca74"},"match":null},{"id":"babd79c5-2e26-4acd-8408-f7ac376a676b","path":"The Razors Edge/Thunderstruck.mp3","metadata":{"title":"Thunderstruck","artist":"AC","albumArtist":"AC/DC","album":"The Razors Edge","genre":"Hard Rock","trackNumber":1,"year":1990,"cover":"a314eb09-e8ae-42c7-b8e2-1657d1c8e9f4"},"match":null},{"id":"c01fc7ba-226e-4bc4-99c0-0377c08984bf","path":"Do It To It/Do It To It.mp3","metadata":{"title":"Do It To It","artist":"ACRAZE","albumArtist":"ACRAZE","album":"Do It To It","genre":"Tech House","trackNumber":1,"year":2021,"cover":"781837e9-e4d0-45e5-aac5-a559e3167544"},"match":null},{"id":"e0b65607-abb7-42f4-8bbe-f1fb5069b003","path":"Bass Inside/Bass Inside.mp3","metadata":{"title":"Bass Inside","artist":"AC Slater","albumArtist":"AC Slater","album":"Bass Inside","genre":"Bass House","trackNumber":1,"year":2016,"cover":"3d10dea8-e21f-4964-bf49-1af2bab6d15d"},"match":null},{"id":"fa4da547-69eb-4a16-bd10-1ba5dd539c1c","path":"Fly With Us/Fly With Us.mp3","metadata":{"title":"Fly With Us","artist":"AC Slater & Chris Lorenzo","albumArtist":"AC Slater & Chris Lorenzo","album":"Fly With Us","genre":"Bass House","trackNumber":1,"year":2021,"cover":"72b7bfc8-ab8b-41c5-aebe-20567cb0e86c"},"match":null},{"id":"8359d63d-2ff3-429a-a7d9-19dac30b53c6","path":"I Don't Want To Miss A Thing/I Don't Want to Miss a Thing (From the Touchstone film, _Armageddon_).mp3","metadata":{"title":"I Don't Want to Miss a Thing","artist":"Aerosmith","albumArtist":"Aerosmith","album":"I Don't Want To Miss A Thing","genre":"Rock","trackNumber":1,"year":1998,"cover":"a82aa9a4-0de2-4614-b41e-90626903bc29"},"match":null},{"id":"d6a265bb-c655-4e63-bafd-f9f4ada1648c","path":"I Ran (So Far Away)/I Ran (So Far Away).mp3","metadata":{"title":"I Ran (So Far Away)","artist":"A Flock Of Seagulls","albumArtist":"A Flock Of Seagulls","album":"I Ran (So Far Away)","genre":"New Wave","trackNumber":1,"year":1982,"cover":"b80fc1ef-3a11-4460-ab4d-35072791493d"},"match":null},{"id":"7eb45d87-6170-4325-90ee-5c7c0cb962b6","path":"The Good Times/Crazy Rap (Colt 45 & 2 Zig Zags).mp3","metadata":{"title":"Crazy Rap (Colt 45 & 2 Zig Zags)","artist":"Afroman","albumArtist":"Afroman","album":"The Good Times","genre":"Hip-Hop, Rap","trackNumber":2,"year":2001,"cover":"3b6bbf9f-6e41-460b-be70-0e649cd02dd4"},"match":null},{"id":"02d12c17-30d3-48df-a8d6-8ebca7d0c322","path":"The Good Times/Because I Got High.mp3","metadata":{"title":"Because I Got High","artist":"Afroman","albumArtist":"Afroman","album":"The Good Times","genre":"Hip-Hop, Rap","trackNumber":1,"year":2001,"cover":"3b6bbf9f-6e41-460b-be70-0e649cd02dd4"},"match":null},{"id":"f0eef8ea-6b8b-4385-913d-bf0cd0f60079","path":"Hunting High And Low (Deluxe Edition)/Take On Me.mp3","metadata":{"title":"Take On Me","artist":"a-ha","albumArtist":"a-ha","album":"Hunting High And Low","genre":"New Wave","trackNumber":1,"year":1985,"cover":"efcc50ff-bbaa-4cc7-9724-9864a531d406"},"match":null},{"id":"bdb9dfa4-b372-4bab-89d4-14a5a514703d","path":"We Do What We Want/We Do What We Want.mp3","metadata":{"title":"We Do What We Want","artist":"Alan Fitzpatrick","albumArtist":"Alan Fitzpatrick","album":"We Do What We Want","genre":"Tech House","trackNumber":1,"year":2016,"cover":"9a61ef17-85f8-4142-a295-022ae9c51371"},"match":null},{"id":"998a246f-42b7-40c4-ab98-c98e60c12dda","path":"Faded/Faded.mp3","metadata":{"title":"Faded","artist":"Alan Walker feat. Iselin Solheim","albumArtist":"Alan Walker","album":"Faded","genre":"Electro Pop","trackNumber":1,"year":2015,"cover":"df63dce7-e2d0-440c-9bf1-83a0b506b1cb"},"match":null},{"id":"71e2dfc3-0232-4514-8cbb-60edc8b4f026","path":"The Spectre/The Spectre.mp3","metadata":{"title":"The Spectre","artist":"Alan Walker","albumArtist":"Alan Walker","album":"The Spectre","genre":"Electro Pop","trackNumber":1,"year":2017,"cover":"c86f8e4c-50d1-4cb1-9f6b-8c04c50dc9f3"},"match":null},{"id":"681f79fb-27be-422c-aa11-53534d474c2c","path":"BOOM!!!/I Amsterdam.mp3","metadata":{"title":"I Amsterdam","artist":"Albin Myers","albumArtist":"Albin Myers","album":"BOOM!!!","genre":"House","trackNumber":3,"year":2009,"cover":"4cc8099c-8c55-4853-a8c2-f3c001944519"},"match":null},{"id":"4f665968-7e81-4ee7-9d9e-3626872f355c","path":"Heroes (we could be) (The Remixes)/Heroes (we could be).mp3","metadata":{"title":"Heroes (we could be)","artist":"Alesso feat. Tove Lo","albumArtist":"Alesso","album":"Heroes (we could be) [The Remixes]","genre":"Progressive House","trackNumber":1,"year":2018,"cover":"3f6bab52-9f51-4ab0-ae4d-0685485dcd5f"},"match":null},{"id":"00adc7b1-6a75-4a36-8234-edb76b46f831","path":"Heroes (we could be) (The Remixes)/Heroes (we could be) (Salvatore Ganacci Remix).mp3","metadata":{"title":"Heroes (we could be) [Salvatore Ganacci Remix]","artist":"Alesso feat. Tove Lo","albumArtist":"Alesso","album":"Heroes (we could be) [The Remixes]","genre":"Big Room","trackNumber":5,"year":2018,"cover":"3f6bab52-9f51-4ab0-ae4d-0685485dcd5f"},"match":null},{"id":"fa92954d-d24f-43e0-99b0-9ec7af3ae7ac","path":"Mr Saxobeat/Mr Saxobeat.mp3","metadata":{"title":"Mr Saxobeat","artist":"Alexandra Stan","albumArtist":"Alexandra Stan","album":"Mr Saxobeat","genre":"Romanian House","trackNumber":1,"year":2011,"cover":"b1e2d5e6-e2f4-4005-99f1-6070fe1040df"},"match":null},{"id":"64eec840-a751-4279-b23b-cb3a1e8d2072","path":"Upswing/Upswing.mp3","metadata":{"title":"Upswing","artist":"Alex Metric & Amtrac","albumArtist":"Alex Metric & Amtrac","album":"Upswing","genre":"Future House","trackNumber":1,"year":2020,"cover":"f02a5742-19fb-47be-b3f3-332cd11f4d2a"},"match":null},{"id":"5a5f5a5c-2dcc-40bd-8844-3dfe16dfd6a6","path":"Get To You/Get To You.mp3","metadata":{"title":"Get To You","artist":"Alex Preston feat. Lauren Day","albumArtist":"Alex Preston","album":"Get To You","genre":"House","trackNumber":1,"year":2020,"cover":"91c25420-530d-482e-8493-96611f9e95a2"},"match":null},{"id":"a94f4ac7-7f01-4790-8740-1e072baa6c7b","path":"Love You Better/Love You Better.mp3","metadata":{"title":"Love You Better","artist":"Alex Preston","albumArtist":"Alex Preston","album":"Love You Better","genre":"House","trackNumber":1,"year":2021,"cover":"de3d4e8b-d8dc-4b3b-b25a-85a212db641d"},"match":null},{"id":"6d45aa3f-a349-448f-8f20-1932de5e8468","path":"Love Somebody/Love Somebody.mp3","metadata":{"title":"Love Somebody","artist":"Alex Preston & Rion S","albumArtist":"Alex Preston & Rion S","album":"Love Somebody","genre":"House","trackNumber":1,"year":2020,"cover":"34d59e1a-95f5-442e-a525-8a67e3d61b58"},"match":null},{"id":"e0c79e39-ea41-4394-8dc3-207179c7fbda","path":"Better Off Alone/Better Off Alone.mp3","metadata":{"title":"Better Off Alone","artist":"Alice Deejay","albumArtist":"Alice Deejay","album":"Better Off Alone","genre":"Dance","trackNumber":1,"year":1999,"cover":"cd3cd6f8-2566-43b2-8e01-5fc5e6d122a7"},"match":null},{"id":"82b6137d-6f81-4c10-bb91-0077bcc43f5b","path":"Songs In A Minor/Fallin'.mp3","metadata":{"title":"Fallin'","artist":"Alicia Keys","albumArtist":"Alicia Keys","album":"Songs In A Minor","genre":"R&B, Soul","trackNumber":4,"year":2001,"cover":"88ffa1a4-f001-447a-87fe-94707ecf01f0"},"match":null},{"id":"5302f16c-e8e0-46c9-8a5b-db527f46316c","path":"As I Am/No One.mp3","metadata":{"title":"No One","artist":"Alicia Keys","albumArtist":"Alicia Keys","album":"As I Am","genre":"Pop","trackNumber":4,"year":2007,"cover":"6eb082e6-598a-4ff4-8104-2ac777cfdde3"},"match":null},{"id":"a41ce811-8445-4139-9059-f164100ad82a","path":"Power/Power.mp3","metadata":{"title":"Power","artist":"Alignment","albumArtist":"Alignment","album":"Power","genre":"Techno","trackNumber":1,"year":2021,"cover":"050c5047-f91a-4947-89b3-1a4ecd83b88f"},"match":null},{"id":"c042e91a-ac06-4887-ba11-e350db537391","path":"Power/Frequency.mp3","metadata":{"title":"Frequency","artist":"Alignment","albumArtist":"Alignment","album":"Power","genre":"Techno","trackNumber":3,"year":2021,"cover":"050c5047-f91a-4947-89b3-1a4ecd83b88f"},"match":null},{"id":"5d75cae1-c7d0-4dd2-962a-b8249813dbb8","path":"Power/Radioactivity.mp3","metadata":{"title":"Radioactivity","artist":"Alignment","albumArtist":"Alignment","album":"Power","genre":"Techno","trackNumber":4,"year":2021,"cover":"050c5047-f91a-4947-89b3-1a4ecd83b88f"},"match":null},{"id":"a07e5b8c-711c-473a-a9f7-8c877fdfa45c","path":"Power/Disconnection.mp3","metadata":{"title":"Disconnection","artist":"Alignment","albumArtist":"Alignment","album":"Power","genre":"Techno","trackNumber":2,"year":2021,"cover":"050c5047-f91a-4947-89b3-1a4ecd83b88f"},"match":null},{"id":"2c04f95a-e129-4f83-9c05-e5e234686bce","path":"Trinity (Skeptical Remix)/Trinity (Skeptical Remix).mp3","metadata":{"title":"Trinity (Skeptical Remix)","artist":"Alix Perez","albumArtist":"Alix Perez","album":"Trinity (Skeptical Remix)","genre":"Drum & Bass","trackNumber":1,"year":2021,"cover":"b0c0db09-1ab1-498c-9831-795709f5ccf2"},"match":null},{"id":"d058f439-2d8f-4c98-ba6e-c46a93876567","path":"Kids/Kids.mp3","metadata":{"title":"Kids","artist":"Alle Farben & Vize feat. Graham Candy","albumArtist":"Alle Farben & Vize","album":"KIDS","genre":"Dance","trackNumber":1,"year":2020,"cover":"5b83d2b9-5f37-485d-9318-1dc403c2c645"},"match":null},{"id":"390fe431-aed3-44e8-a962-8fd9498c41ef","path":"Deep Down/Deep Down.mp3","metadata":{"title":"Deep Down","artist":"Alok, Kenny Dope & Ella Eyre feat. Never Dull","albumArtist":"Alok, Kenny Dope & Ella Eyre","album":"Deep Down","genre":"Dance","trackNumber":1,"year":2022,"cover":"4daa8b2e-287a-48a3-913c-55dca208c3cf"},"match":null},{"id":"afc2b466-7afb-4f7c-b43a-8698a401c058","path":"Higher/Higher.mp3","metadata":{"title":"Higher","artist":"Amelie Lens","albumArtist":"Amelie Lens","album":"Higher","genre":"Techno","trackNumber":1,"year":2020,"cover":"bf175c0a-285a-400b-b613-d166e9964b6d"},"match":null},{"id":"61c57420-6b0e-4aa7-9e61-bfdf106aea17","path":"Higher/L'Obscurite.mp3","metadata":{"title":"L'Obscurite","artist":"Amelie Lens","albumArtist":"Amelie Lens","album":"Higher","genre":"Techno","trackNumber":2,"year":2020,"cover":"bf175c0a-285a-400b-b613-d166e9964b6d"},"match":null},{"id":"a7649a9b-4e18-4a06-8843-c8ba38ed6416","path":"Higher/Higher (FJAAK RMX).mp3","metadata":{"title":"Higher (FJAAK Remix)","artist":"Amelie Lens","albumArtist":"Amelie Lens","album":"Higher","genre":"Techno","trackNumber":3,"year":2020,"cover":"bf175c0a-285a-400b-b613-d166e9964b6d"},"match":null},{"id":"3af72a3a-d4b0-4154-8309-9d806a86536a","path":"Little Robot/Little Robot.mp3","metadata":{"title":"Little Robot","artist":"Amelie Lens","albumArtist":"Amelie Lens","album":"Little Robot","genre":"Techno","trackNumber":3,"year":2019,"cover":"a5118e94-3ca7-4cc9-94e2-4d646e6fe524"},"match":null},{"id":"41f21156-3dd6-48d9-b9d9-6c6b1a48f5e2","path":"Little Robot/Man Over Machine.mp3","metadata":{"title":"Man Over Machine","artist":"Amelie Lens","albumArtist":"Amelie Lens","album":"Little Robot","genre":"Techno","trackNumber":2,"year":2019,"cover":"a5118e94-3ca7-4cc9-94e2-4d646e6fe524"},"match":null},{"id":"f69fed27-6194-467f-967b-09595e888b3b","path":"Little Robot/Storm.mp3","metadata":{"title":"Storm","artist":"Amelie Lens","albumArtist":"Amelie Lens","album":"Little Robot","genre":"Techno","trackNumber":4,"year":2019,"cover":"a5118e94-3ca7-4cc9-94e2-4d646e6fe524"},"match":null},{"id":"f68dba03-27c6-468b-bf99-4a5249738875","path":"Little Robot/Helium.mp3","metadata":{"title":"Helium","artist":"Amelie Lens","albumArtist":"Amelie Lens","album":"Little Robot","genre":"Techno","trackNumber":1,"year":2019,"cover":"a5118e94-3ca7-4cc9-94e2-4d646e6fe524"},"match":null},{"id":"899a6099-b737-4577-a4c8-556b2d1e6595","path":"Love Monster/I Said Hi.mp3","metadata":{"title":"I Said Hi","artist":"Amy Shark","albumArtist":"Amy Shark","album":"Love Monster","genre":"Pop","trackNumber":4,"year":2018,"cover":"ffecdd1b-9954-46b4-8000-c67c3d2c70a2"},"match":null},{"id":"0d4932ba-9462-42e5-9040-413aad8a7729","path":"You Know I'm No Good/You Know I'm No Good.mp3","metadata":{"title":"You Know I'm No Good","artist":"Amy Winehouse","albumArtist":"Amy Winehouse","album":"Back to Black","genre":"Pop","trackNumber":2,"year":2007,"cover":"413f08e6-26b8-4ed0-b79a-f3671acfa5f7"},"match":null},{"id":"65bf1bb2-dde5-4679-82a1-4023954323e7","path":"So Hot (MK & Nightlapse Remix)/So Hot (MK & Nightlapse Remix).mp3","metadata":{"title":"So Hot (MK & Nightlapse Remix)","artist":"Anabel Englund","albumArtist":"Anabel Englund","album":"So Hot (MK & Nightlapse Remix)","genre":"Dance","trackNumber":1,"year":2019,"cover":"0e8d1f7f-6462-48dc-b42f-aa09d325e5a7"},"match":null},{"id":"2b78d6c7-755c-4bda-8955-62752ae250b6","path":"Baby (Mark Knight Rework)/Baby (Mark Knight Rework).mp3","metadata":{"title":"Baby (Mark Knight Rework)","artist":"Andrea Giudice & Larry Cadge","albumArtist":"Andrea Giudice & Larry Cadge","album":"Baby (Mark Knight Rework)","genre":"Tech House","trackNumber":1,"year":2020,"cover":"361af943-5e5c-427a-b677-fb137c48a49d"},"match":null},{"id":"1d399a68-c31b-481c-8e42-dbc1a4670b09","path":"Sadcited/Sadcited.mp3","metadata":{"title":"Sadcited","artist":"Andrew Meller","albumArtist":"Andrew Meller","album":"Sadcited","genre":"Tech House","trackNumber":1,"year":2020,"cover":"3b91030b-c569-4766-a8bb-0193df3802f6"},"match":null},{"id":"588b214b-a86f-44b0-a48a-d5cc05f75dab","path":"Everybody Dance Now/Everybody Dance Now.mp3","metadata":{"title":"Everybody Dance Now","artist":"Andruss & Dmitri Saidi","albumArtist":"Andruss & Dmitri Saidi","album":"Everybody Dance Now","genre":"Tech House","trackNumber":1,"year":2020,"cover":"85c3285c-fe91-4a07-8f75-67abf46d1bfd"},"match":null},{"id":"7c8925f0-e3e6-4a79-a43c-9b0ac9df53e3","path":"Chateau/Chateau.mp3","metadata":{"title":"Chateau","artist":"Angus & Julia Stone","albumArtist":"Angus & Julia Stone","album":"Snow","genre":"Alternative, Indie","trackNumber":3,"year":2017,"cover":"bcdcea81-e038-4a9c-850c-de486ad67faf"},"match":null},{"id":"09cd94ce-a9c8-4bea-a027-9bb69014c361","path":"Down The Way/Big Jet Plane.mp3","metadata":{"title":"Big Jet Plane","artist":"Angus & Julia Stone","albumArtist":"Angus & Julia Stone","album":"Down The Way","genre":"Alternative, Indie","trackNumber":4,"year":2010,"cover":"a667f461-7e99-41fd-a55b-d035f3ae5142"},"match":null},{"id":"0796b11e-89d2-4a13-9bca-ae0f57e3cbfb","path":"Anna Lunoe & Friends/I Met You.mp3","metadata":{"title":"I Met You","artist":"Anna Lunoe & Flume","albumArtist":"Anna Lunoe","album":"Anna Lunoe & Friends","genre":"Future Bass","trackNumber":2,"year":2012,"cover":"d72ce381-a5d7-4096-87bf-85f664065441"},"match":null},{"id":"e37e57a1-4cb7-45ec-ade7-dfe60fc8c8e4","path":"Radioactive/Radioactive.mp3","metadata":{"title":"Radioactive","artist":"Anna Lunoe","albumArtist":"Anna Lunoe","album":"Radioactive","genre":"Future House","trackNumber":1,"year":2016,"cover":"9800c334-963f-4b15-9906-06adcfac34c5"},"match":null},{"id":"7e15b402-3753-47d4-b90b-b5b8b007b217","path":"Back Seat/Back Seat.mp3","metadata":{"title":"Back Seat","artist":"Anna Lunoe feat. Genesis Owusu","albumArtist":"Anna Lunoe","album":"Back Seat","genre":"House","trackNumber":1,"year":2021,"cover":"05363156-d59e-4643-bc00-bad6fffa2888"},"match":null},{"id":"e6e90f29-dbe7-4229-8923-50f458004562","path":"Make Your Move/Make Your Move.mp3","metadata":{"title":"Make Your Move","artist":"Anton Powers & Redondo","albumArtist":"Anton Powers & Redondo","album":"Make Your Move","genre":"Dance","trackNumber":1,"year":2019,"cover":"c7a25c26-9592-4337-9d1c-086e011185d9"},"match":null},{"id":"e0132472-2e5a-44e6-a5dc-2418e64cc4cc","path":"Real Hasta la Muerte/Hipócrita.mp3","metadata":{"title":"Hipócrita","artist":"Anuel AA feat. feat. Zion","albumArtist":"Anuel AA","album":"Real Hasta la Muerte","genre":"Reggaeton","trackNumber":3,"year":2018,"cover":"7cdcb209-fb2e-4aeb-9b48-23a13311f2ab"},"match":null},{"id":"e8c9eaea-e7dd-44a8-9e66-06599be55c94","path":"China/China.mp3","metadata":{"title":"China","artist":"Anuel AA, Daddy Yankee & Karol G feat. Ozuna & J Balvin","albumArtist":"Anuel AA, Daddy Yankee & Karol G","album":"China","genre":"Reggaeton","trackNumber":1,"year":2019,"cover":"4f7345b8-784d-4284-b9c4-b3911cff791e"},"match":null},{"id":"7c2dce3b-5927-458a-a72a-2c38d00792bc","path":"Trapez/Trapez.mp3","metadata":{"title":"Trapez","artist":"Apparatique","albumArtist":"Apparatique","album":"Trapez","genre":"Techno","trackNumber":1,"year":2013,"cover":"be41cc03-2f95-4c83-a905-cd370c517555"},"match":null},{"id":"49bfa727-4f26-41b9-ba8f-2deeb38007f5","path":"Lapse in Time/Bangers & Smashed.mp3","metadata":{"title":"Bangers & Smashed","artist":"Approaching Nirvana","albumArtist":"Approaching Nirvana","album":"Lapse in Time","genre":"Progressive House","trackNumber":1,"year":2011,"cover":"1d0ed90b-66a8-4f96-b9d3-3bf59d1eb7fa"},"match":null},{"id":"a17cc409-5076-4b95-a0b3-162563524980","path":"AM/2013.mp3","metadata":{"title":"2013","artist":"Arctic Monkeys","albumArtist":null,"album":"AM","genre":"Alternative, Indie","trackNumber":13,"year":2013,"cover":"69842c4e-4fb8-45b4-be2d-69b522329cb2"},"match":null},{"id":"b9f65dfc-7f41-452a-a027-ec6de11524be","path":"AM/Arabella.mp3","metadata":{"title":"Arabella","artist":"Arctic Monkeys","albumArtist":null,"album":"AM","genre":"Alternative, Indie","trackNumber":4,"year":2013,"cover":"69842c4e-4fb8-45b4-be2d-69b522329cb2"},"match":null},{"id":"09363279-95fd-470e-aab1-9f6b138ce445","path":"AM/I Wanna Be Yours.mp3","metadata":{"title":"I Wanna Be Yours","artist":"Arctic Monkeys","albumArtist":null,"album":"AM","genre":"Alternative, Indie","trackNumber":12,"year":2013,"cover":"69842c4e-4fb8-45b4-be2d-69b522329cb2"},"match":null},{"id":"5936e4a7-cd82-415f-b622-a4f787e38d6d","path":"AM/Fireside.mp3","metadata":{"title":"Fireside","artist":"Arctic Monkeys","albumArtist":null,"album":"AM","genre":"Alternative, Indie","trackNumber":8,"year":2013,"cover":"69842c4e-4fb8-45b4-be2d-69b522329cb2"},"match":null},{"id":"9d6d3616-c5ac-46c2-a118-8c6450742726","path":"AM/I Want It All.mp3","metadata":{"title":"I Want It All","artist":"Arctic Monkeys","albumArtist":null,"album":"AM","genre":"Alternative, Indie","trackNumber":5,"year":2013,"cover":"69842c4e-4fb8-45b4-be2d-69b522329cb2"},"match":null},{"id":"9caccc36-c98a-41b0-9308-d1b570386f55","path":"AM/Mad Sounds.mp3","metadata":{"title":"Mad Sounds","artist":"Arctic Monkeys","albumArtist":null,"album":"AM","genre":"Alternative, Indie","trackNumber":7,"year":2013,"cover":"69842c4e-4fb8-45b4-be2d-69b522329cb2"},"match":null},{"id":"eb06fab0-4fa2-402b-a7c1-2406612fdd25","path":"AM/No. 1 Party Anthem.mp3","metadata":{"title":"No. 1 Party Anthem","artist":"Arctic Monkeys","albumArtist":null,"album":"AM","genre":"Alternative, Indie","trackNumber":6,"year":2013,"cover":"69842c4e-4fb8-45b4-be2d-69b522329cb2"},"match":null},{"id":"2ad74d19-00b3-4932-bde7-dfcf315b757e","path":"AM/Knee Socks.mp3","metadata":{"title":"Knee Socks","artist":"Arctic Monkeys","albumArtist":null,"album":"AM","genre":"Alternative, Indie","trackNumber":11,"year":2013,"cover":"69842c4e-4fb8-45b4-be2d-69b522329cb2"},"match":null},{"id":"a703c4cf-d7ef-483f-a58c-70feec9012fe","path":"AM/Snap Out of It.mp3","metadata":{"title":"Snap Out of It","artist":"Arctic Monkeys","albumArtist":null,"album":"AM","genre":"Alternative, Indie","trackNumber":10,"year":2013,"cover":"69842c4e-4fb8-45b4-be2d-69b522329cb2"},"match":null},{"id":"f5f66da8-59e6-472d-b78e-15d94d372349","path":"AM/R U Mine.mp3","metadata":{"title":"R U Mine","artist":"Arctic Monkeys","albumArtist":null,"album":"AM","genre":"Alternative, Indie","trackNumber":2,"year":2013,"cover":"69842c4e-4fb8-45b4-be2d-69b522329cb2"},"match":null},{"id":"bf1a6a40-c99e-45ed-b72d-b2189d1625d8","path":"AM/Stop The World I Wanna Get Off.mp3","metadata":{"title":"Stop The World I Wanna Get Off","artist":"Arctic Monkeys","albumArtist":null,"album":"AM","genre":"Alternative, Indie","trackNumber":14,"year":2013,"cover":"69842c4e-4fb8-45b4-be2d-69b522329cb2"},"match":null},{"id":"75e8428d-8ec2-4e57-bdd7-c745c24f8a1e","path":"AM/Do I Wanna Know.mp3","metadata":{"title":"Do I Wanna Know","artist":"Arctic Monkeys","albumArtist":null,"album":"AM","genre":"Alternative, Indie","trackNumber":1,"year":2013,"cover":"69842c4e-4fb8-45b4-be2d-69b522329cb2"},"match":null},{"id":"0b24e104-f486-411b-a683-f9f45d3dfc2c","path":"AM/One For The Road.mp3","metadata":{"title":"One For The Road","artist":"Arctic Monkeys","albumArtist":null,"album":"AM","genre":"Alternative, Indie","trackNumber":3,"year":2013,"cover":"69842c4e-4fb8-45b4-be2d-69b522329cb2"},"match":null},{"id":"59326c57-b989-40a3-9a94-44222e98b754","path":"AM/Why'd You Only Call Me When You're High.mp3","metadata":{"title":"Why'd You Only Call Me When You're High","artist":"Arctic Monkeys","albumArtist":null,"album":"AM","genre":"Alternative, Indie","trackNumber":9,"year":2013,"cover":"69842c4e-4fb8-45b4-be2d-69b522329cb2"},"match":null},{"id":"1ad56b8c-706f-4e8e-9fcd-a0d6a94f7a17","path":"Favourite Worst Nightware/505.mp3","metadata":{"title":"505","artist":"Arctic Monkeys","albumArtist":"Arctic Monkeys","album":"Favourite Worst Nightmare","genre":"Alternative, Indie","trackNumber":12,"year":2007,"cover":"9b0262cd-9d9f-4645-9f83-b23a1ff5811f"},"match":null},{"id":"6bfa386e-9654-4c03-b9e4-37ad72320aaf","path":"Favourite Worst Nightware/Do Me a Favour.mp3","metadata":{"title":"Do Me a Favour","artist":"Arctic Monkeys","albumArtist":"Arctic Monkeys","album":"Favourite Worst Nightmare","genre":"Alternative, Indie","trackNumber":7,"year":2007,"cover":"9b0262cd-9d9f-4645-9f83-b23a1ff5811f"},"match":null},{"id":"b5cba510-fd4d-4aeb-bcbf-e184423feddc","path":"Favourite Worst Nightware/Balaclava.mp3","metadata":{"title":"Balaclava","artist":"Arctic Monkeys","albumArtist":"Arctic Monkeys","album":"Favourite Worst Nightmare","genre":"Alternative, Indie","trackNumber":4,"year":2007,"cover":"9b0262cd-9d9f-4645-9f83-b23a1ff5811f"},"match":null},{"id":"153d46c2-a6c6-4aba-a3f1-f252a845992e","path":"Favourite Worst Nightware/Fluorescent Adolescent.mp3","metadata":{"title":"Fluorescent Adolescent","artist":"Arctic Monkeys","albumArtist":"Arctic Monkeys","album":"Favourite Worst Nightmare","genre":"Alternative, Indie","trackNumber":5,"year":2007,"cover":"9b0262cd-9d9f-4645-9f83-b23a1ff5811f"},"match":null},{"id":"c27837a1-4265-4f76-97c3-e7990134c302","path":"Favourite Worst Nightware/Brianstorm.mp3","metadata":{"title":"Brianstorm","artist":"Arctic Monkeys","albumArtist":"Arctic Monkeys","album":"Favourite Worst Nightmare","genre":"Alternative, Indie","trackNumber":1,"year":2007,"cover":"9b0262cd-9d9f-4645-9f83-b23a1ff5811f"},"match":null},{"id":"924f4dec-b2d5-42db-9fa2-2ecfa5100ad7","path":"Favourite Worst Nightware/The Bad Thing.mp3","metadata":{"title":"The Bad Thing","artist":"Arctic Monkeys","albumArtist":"Arctic Monkeys","album":"Favourite Worst Nightmare","genre":"Alternative, Indie","trackNumber":10,"year":2007,"cover":"9b0262cd-9d9f-4645-9f83-b23a1ff5811f"},"match":null},{"id":"c2b17d94-6b3a-496e-9f5c-58435449f404","path":"Favourite Worst Nightware/Old Yellow Bricks.mp3","metadata":{"title":"Old Yellow Bricks","artist":"Arctic Monkeys","albumArtist":"Arctic Monkeys","album":"Favourite Worst Nightmare","genre":"Alternative, Indie","trackNumber":11,"year":2007,"cover":"9b0262cd-9d9f-4645-9f83-b23a1ff5811f"},"match":null},{"id":"7a7438cc-8813-4dd8-b2ef-bde92faa8fce","path":"Favourite Worst Nightware/D Is for Dangerous.mp3","metadata":{"title":"D Is for Dangerous","artist":"Arctic Monkeys","albumArtist":"Arctic Monkeys","album":"Favourite Worst Nightmare","genre":"Alternative, Indie","trackNumber":3,"year":2007,"cover":"9b0262cd-9d9f-4645-9f83-b23a1ff5811f"},"match":null},{"id":"4f617ff6-9ca1-45cf-898b-ff62c3adb434","path":"Favourite Worst Nightware/Teddy Picker.mp3","metadata":{"title":"Teddy Picker","artist":"Arctic Monkeys","albumArtist":"Arctic Monkeys","album":"Favourite Worst Nightmare","genre":"Alternative, Indie","trackNumber":2,"year":2007,"cover":"9b0262cd-9d9f-4645-9f83-b23a1ff5811f"},"match":null},{"id":"074a2e96-4c22-4c24-bbed-9be27a60613e","path":"Favourite Worst Nightware/Only Ones Who Know.mp3","metadata":{"title":"Only Ones Who Know","artist":"Arctic Monkeys","albumArtist":"Arctic Monkeys","album":"Favourite Worst Nightmare","genre":"Alternative, Indie","trackNumber":6,"year":2007,"cover":"9b0262cd-9d9f-4645-9f83-b23a1ff5811f"},"match":null},{"id":"3d4939da-35b0-4492-90d8-bf0dc95e53d5","path":"Favourite Worst Nightware/If You Were There, Beware.mp3","metadata":{"title":"If You Were There, Beware","artist":"Arctic Monkeys","albumArtist":"Arctic Monkeys","album":"Favourite Worst Nightmare","genre":"Alternative, Indie","trackNumber":9,"year":2007,"cover":"9b0262cd-9d9f-4645-9f83-b23a1ff5811f"},"match":null},{"id":"e80b7d2c-3547-46fd-baf2-fa5713b265ac","path":"Favourite Worst Nightware/This House is a Circus.mp3","metadata":{"title":"This House is a Circus","artist":"Arctic Monkeys","albumArtist":"Arctic Monkeys","album":"Favourite Worst Nightmare","genre":"Alternative, Indie","trackNumber":8,"year":2007,"cover":"9b0262cd-9d9f-4645-9f83-b23a1ff5811f"},"match":null},{"id":"697708a5-52cd-4d4d-9d6b-d3a3da290acd","path":"Suck It And See/Black Treacle.mp3","metadata":{"title":"Black Treacle","artist":"Arctic Monkeys","albumArtist":"Arctic Monkeys","album":"Suck It And See","genre":"Alternative, Indie","trackNumber":2,"year":2011,"cover":"755e3219-b641-4610-97c1-b0cc76e80176"},"match":null},{"id":"6c0217ce-c738-494d-9bc4-6b9f8ad72571","path":"Suck It And See/Don't Sit Down 'Cause I've Moved Your Chair.mp3","metadata":{"title":"Don't Sit Down 'Cause I've Moved Your Chair","artist":"Arctic Monkeys","albumArtist":"Arctic Monkeys","album":"Suck It And See","genre":"Alternative, Indie","trackNumber":5,"year":2011,"cover":"755e3219-b641-4610-97c1-b0cc76e80176"},"match":null},{"id":"b80a006d-c1cc-4443-a44f-6b74129dc0fd","path":"Suck It And See/Brick By Brick.mp3","metadata":{"title":"Brick By Brick","artist":"Arctic Monkeys","albumArtist":"Arctic Monkeys","album":"Suck It And See","genre":"Alternative, Indie","trackNumber":3,"year":2011,"cover":"755e3219-b641-4610-97c1-b0cc76e80176"},"match":null},{"id":"e92285de-ca89-4f5e-8db6-ae6839c05bc0","path":"Suck It And See/Library Pictures.mp3","metadata":{"title":"Library Pictures","artist":"Arctic Monkeys","albumArtist":"Arctic Monkeys","album":"Suck It And See","genre":"Alternative, Indie","trackNumber":6,"year":2011,"cover":"755e3219-b641-4610-97c1-b0cc76e80176"},"match":null},{"id":"71385596-db2f-4e52-a7df-d84ba9717da9","path":"Suck It And See/Love Is A Laserquest.mp3","metadata":{"title":"Love Is A Laserquest","artist":"Arctic Monkeys","albumArtist":"Arctic Monkeys","album":"Suck It And See","genre":"Alternative, Indie","trackNumber":10,"year":2011,"cover":"755e3219-b641-4610-97c1-b0cc76e80176"},"match":null},{"id":"2ffff7f2-4dff-4ef7-95f4-70bd48849ac5","path":"Suck It And See/Piledriver Waltz.mp3","metadata":{"title":"Piledriver Waltz","artist":"Arctic Monkeys","albumArtist":"Arctic Monkeys","album":"Suck It And See","genre":"Alternative, Indie","trackNumber":9,"year":2011,"cover":"755e3219-b641-4610-97c1-b0cc76e80176"},"match":null},{"id":"30149a0c-e240-469c-8c2a-94806754c8dd","path":"Suck It And See/She's Thunderstorms.mp3","metadata":{"title":"She's Thunderstorms","artist":"Arctic Monkeys","albumArtist":"Arctic Monkeys","album":"Suck It And See","genre":"Alternative, Indie","trackNumber":1,"year":2011,"cover":"755e3219-b641-4610-97c1-b0cc76e80176"},"match":null},{"id":"e0ea4905-4711-4744-bd41-84ddad3af4e0","path":"Suck It And See/All My Own Stunts.mp3","metadata":{"title":"All My Own Stunts","artist":"Arctic Monkeys","albumArtist":"Arctic Monkeys","album":"Suck It And See","genre":"Alternative, Indie","trackNumber":7,"year":2011,"cover":"755e3219-b641-4610-97c1-b0cc76e80176"},"match":null},{"id":"fbf36373-7dc4-4d5d-8ca9-eb1a5f87cf69","path":"Suck It And See/Reckless Serenade.mp3","metadata":{"title":"Reckless Serenade","artist":"Arctic Monkeys","albumArtist":"Arctic Monkeys","album":"Suck It And See","genre":"Alternative, Indie","trackNumber":8,"year":2011,"cover":"755e3219-b641-4610-97c1-b0cc76e80176"},"match":null},{"id":"fbd9fed8-28fa-41e6-a4b0-73d4a338c346","path":"Suck It And See/The Hellcat Spangled Shalalala.mp3","metadata":{"title":"The Hellcat Spangled Shalalala","artist":"Arctic Monkeys","albumArtist":"Arctic Monkeys","album":"Suck It And See","genre":"Alternative, Indie","trackNumber":4,"year":2011,"cover":"755e3219-b641-4610-97c1-b0cc76e80176"},"match":null},{"id":"2b93096e-fb96-41f2-8293-ff04a651109b","path":"Suck It And See/Suck It And See.mp3","metadata":{"title":"Suck It And See","artist":"Arctic Monkeys","albumArtist":"Arctic Monkeys","album":"Suck It And See","genre":"Alternative, Indie","trackNumber":11,"year":2011,"cover":"755e3219-b641-4610-97c1-b0cc76e80176"},"match":null},{"id":"6540782d-8ca5-4132-8109-5faf299f3150","path":"Suck It And See/That's Where You're Wrong.mp3","metadata":{"title":"That's Where You're Wrong","artist":"Arctic Monkeys","albumArtist":"Arctic Monkeys","album":"Suck It And See","genre":"Alternative, Indie","trackNumber":12,"year":2011,"cover":"755e3219-b641-4610-97c1-b0cc76e80176"},"match":null},{"id":"2bee0ec3-8c20-4388-86bd-be497248f6cc","path":"Whatever People Say I Am, That's What I'm Not/Dancing Shoes.mp3","metadata":{"title":"Dancing Shoes","artist":"Arctic Monkeys","albumArtist":"Arctic Monkeys","album":"Whatever People Say I Am, That's What I'm Not","genre":"Alternative, Indie","trackNumber":4,"year":2006,"cover":"e98b6a20-7d23-4b83-b6c0-35580f307d45"},"match":null},{"id":"2b419548-10e7-4160-bc70-0b18ea8f91aa","path":"Whatever People Say I Am, That's What I'm Not/From The Ritz To The Rubble.mp3","metadata":{"title":"From The Ritz To The Rubble","artist":"Arctic Monkeys","albumArtist":"Arctic Monkeys","album":"Whatever People Say I Am, That's What I'm Not","genre":"Alternative, Indie","trackNumber":12,"year":2006,"cover":"e98b6a20-7d23-4b83-b6c0-35580f307d45"},"match":null},{"id":"6f2954af-cf04-4d32-aeb5-27fe7e2dea85","path":"Whatever People Say I Am, That's What I'm Not/Red Light Indicates Doors Are Secured.mp3","metadata":{"title":"Red Light Indicates Doors Are Secured","artist":"Arctic Monkeys","albumArtist":"Arctic Monkeys","album":"Whatever People Say I Am, That's What I'm Not","genre":"Alternative, Indie","trackNumber":8,"year":2006,"cover":"e98b6a20-7d23-4b83-b6c0-35580f307d45"},"match":null},{"id":"56519fc0-2fb5-48a6-8b87-76731cd544ae","path":"Whatever People Say I Am, That's What I'm Not/Fake Tales Of San Francisco.mp3","metadata":{"title":"Fake Tales Of San Francisco","artist":"Arctic Monkeys","albumArtist":"Arctic Monkeys","album":"Whatever People Say I Am, That's What I'm Not","genre":"Alternative, Indie","trackNumber":3,"year":2006,"cover":"e98b6a20-7d23-4b83-b6c0-35580f307d45"},"match":null},{"id":"a16e29a0-9189-469b-a629-95fdf2acf57a","path":"Whatever People Say I Am, That's What I'm Not/Perhaps Vampires Is A Bit Strong But....mp3","metadata":{"title":"Perhaps Vampires Is A Bit Strong But...","artist":"Arctic Monkeys","albumArtist":"Arctic Monkeys","album":"Whatever People Say I Am, That's What I'm Not","genre":"Alternative, Indie","trackNumber":10,"year":2006,"cover":"e98b6a20-7d23-4b83-b6c0-35580f307d45"},"match":null},{"id":"9aef6bb6-6bcc-4b9e-af70-29f9f386354f","path":"Whatever People Say I Am, That's What I'm Not/Riot Van.mp3","metadata":{"title":"Riot Van","artist":"Arctic Monkeys","albumArtist":"Arctic Monkeys","album":"Whatever People Say I Am, That's What I'm Not","genre":"Alternative, Indie","trackNumber":7,"year":2006,"cover":"e98b6a20-7d23-4b83-b6c0-35580f307d45"},"match":null},{"id":"3b44da0c-035e-4139-86b6-29ba8e4963d3","path":"Whatever People Say I Am, That's What I'm Not/When The Sun Goes Down.mp3","metadata":{"title":"When The Sun Goes Down","artist":"Arctic Monkeys","albumArtist":"Arctic Monkeys","album":"Whatever People Say I Am, That's What I'm Not","genre":"Alternative, Indie","trackNumber":11,"year":2006,"cover":"e98b6a20-7d23-4b83-b6c0-35580f307d45"},"match":null},{"id":"23a59bc8-1d94-4bb4-b174-24887e8e48ea","path":"Whatever People Say I Am, That's What I'm Not/View from the Afternoon.mp3","metadata":{"title":"View from the Afternoon","artist":"Arctic Monkeys","albumArtist":"Arctic Monkeys","album":"Whatever People Say I Am, That's What I'm Not","genre":"Alternative, Indie","trackNumber":1,"year":2006,"cover":"e98b6a20-7d23-4b83-b6c0-35580f307d45"},"match":null},{"id":"86edca8b-6612-4207-9c19-34ac77a20913","path":"Whatever People Say I Am, That's What I'm Not/Still Take You Home.mp3","metadata":{"title":"Still Take You Home","artist":"Arctic Monkeys","albumArtist":"Arctic Monkeys","album":"Whatever People Say I Am, That's What I'm Not","genre":"Alternative, Indie","trackNumber":6,"year":2006,"cover":"e98b6a20-7d23-4b83-b6c0-35580f307d45"},"match":null},{"id":"9ad2af0d-bc1a-4933-8237-bcc795afa233","path":"Whatever People Say I Am, That's What I'm Not/Mardy Bum.mp3","metadata":{"title":"Mardy Bum","artist":"Arctic Monkeys","albumArtist":"Arctic Monkeys","album":"Whatever People Say I Am, That's What I'm Not","genre":"Alternative, Indie","trackNumber":9,"year":2006,"cover":"e98b6a20-7d23-4b83-b6c0-35580f307d45"},"match":null},{"id":"55209ff2-0fd4-455e-b2f9-fd5c73cc4a1a","path":"Whatever People Say I Am, That's What I'm Not/Certain Romance.mp3","metadata":{"title":"Certain Romance","artist":"Arctic Monkeys","albumArtist":"Arctic Monkeys","album":"Whatever People Say I Am, That's What I'm Not","genre":"Alternative, Indie","trackNumber":13,"year":2006,"cover":"e98b6a20-7d23-4b83-b6c0-35580f307d45"},"match":null},{"id":"5db3ffa0-11b8-443c-aa83-3b29a1347491","path":"Whatever People Say I Am, That's What I'm Not/You Probably Couldn't See for the Lights But You Were Staring Straight.mp3","metadata":{"title":"You Probably Couldn't See for the Lights But You Were Staring Straight","artist":"Arctic Monkeys","albumArtist":"Arctic Monkeys","album":"Whatever People Say I Am, That's What I'm Not","genre":"Alternative, Indie","trackNumber":5,"year":2006,"cover":"e98b6a20-7d23-4b83-b6c0-35580f307d45"},"match":null},{"id":"b0c6b084-c1ed-4dc1-848f-96749997aa28","path":"Whatever People Say I Am, That's What I'm Not/I Bet You Look Good On The Dancefloor.mp3","metadata":{"title":"I Bet You Look Good On The Dancefloor","artist":"Arctic Monkeys","albumArtist":"Arctic Monkeys","album":"Whatever People Say I Am, That's What I'm Not","genre":"Alternative, Indie","trackNumber":2,"year":2006,"cover":"e98b6a20-7d23-4b83-b6c0-35580f307d45"},"match":null},{"id":"4bdf37d0-f22a-4083-a87e-529460811b16","path":"Dangerous Woman/Side To Side.mp3","metadata":{"title":"Side To Side","artist":"Ariana Grande feat. Nicki Minaj","albumArtist":"Ariana Grande","album":"Dangerous Woman","genre":"Pop","trackNumber":5,"year":2016,"cover":"ed618c49-7059-4197-a7ed-220c7f258d00"},"match":null},{"id":"876b3e37-cf25-4753-904e-82d1bdaa56cd","path":"Dangerous Woman/Into You.mp3","metadata":{"title":"Into You","artist":"Ariana Grande","albumArtist":"Ariana Grande","album":"Dangerous Woman","genre":"Pop","trackNumber":4,"year":2016,"cover":"7f4787d8-cca7-45bf-bd7f-b3368b560b4e"},"match":null},{"id":"93586b94-6abe-4d77-88ce-b9de016673ba","path":"No Tears Left To Cry/No Tears Left To Cry.mp3","metadata":{"title":"No Tears Left To Cry","artist":"Ariana Grande","albumArtist":"Ariana Grande","album":"No Tears Left To Cry","genre":"Pop","trackNumber":1,"year":2018,"cover":"a1a52461-1e50-4613-bd26-c4a7026a085f"},"match":null},{"id":"a3cae476-c05f-48f3-8a02-4092b50923c4","path":"My My My/My My My.mp3","metadata":{"title":"My My My","artist":"Armand Van Helden feat. Tara McDonald","albumArtist":"Armand Van Helden","album":"My My My","genre":"House","trackNumber":2,"year":2004,"cover":"042d9d7a-baab-4c57-b1a9-e74e1dae6bd1"},"match":null},{"id":"16ff939d-7a68-4c12-8b70-2464cfc4bb7f","path":"U Don't Know Me/U Don't Know Me.mp3","metadata":{"title":"U Don't Know Me","artist":"Armand Van Helden feat. Duane Harden","albumArtist":"Armand Van Helden","album":"U Don't Know Me","genre":"House","trackNumber":1,"year":1999,"cover":"c7c7c914-d0e2-4cc7-b70f-23e898b93d8a"},"match":null},{"id":"4943e73d-4280-45c1-a118-e40d72769063","path":"Let The Music Guide You/Let The Music Guide You (ASOT 950 Anthem).mp3","metadata":{"title":"Let The Music Guide You","artist":"Armin van Buuren","albumArtist":"Armin van Buuren","album":"Let The Music Guide You","genre":"Trance","trackNumber":1,"year":2019,"cover":"1f1986ad-0ad1-4e0b-9756-a0ac35d53964"},"match":null},{"id":"01d04652-1515-41b1-9ef9-e71a9bacb1e8","path":"Turn The World Into A Dancefloor/Turn The World Into A Dancefloor.mp3","metadata":{"title":"Turn The World Into A Dancefloor","artist":"Armin van Buuren","albumArtist":"Armin van Buuren","album":"Turn The World Into A Dancefloor","genre":"Trance","trackNumber":1,"year":2021,"cover":"84f28f31-812c-45d0-9062-bf0172759c5c"},"match":null},{"id":"3a429c6b-f964-4936-a545-07f62ee62e9d","path":"Witch Doktor (Illyus & Barrientos Remix)/Witch Doktor (Illyus & Barrientos Remix).mp3","metadata":{"title":"Witch Doktor (Illyus & Barrientos Remix)","artist":"Armand Van Helden","albumArtist":"Armand Van Helden","album":"Witch Doktor","genre":"Tech House","trackNumber":1,"year":2019,"cover":"3fb437fc-3fce-47d2-8800-e86f5a33ef2f"},"match":null},{"id":"f0e071d6-9628-4b9b-90de-7e31e0573d97","path":"Power Of Will/Power Of Will.mp3","metadata":{"title":"Power Of Will","artist":"Artmann","albumArtist":"Artmann","album":"Power Of Will","genre":"Deep Tech","trackNumber":1,"year":2021,"cover":"d18fec8d-975b-49e0-be56-d5032f11975c"},"match":null},{"id":"60f4c6d7-1b85-430d-8f1a-dedc1ffe5ed8","path":"Power Of Will/Deep Thoughts.mp3","metadata":{"title":"Deep Thoughts","artist":"Artmann","albumArtist":"Artmann","album":"Power Of Will","genre":"Deep Tech","trackNumber":2,"year":2021,"cover":"d18fec8d-975b-49e0-be56-d5032f11975c"},"match":null},{"id":"1843c3d6-e6e7-4156-ad89-70340a7b1c92","path":"Freedom of Expression (Dark Acid Mix)/Freedom of Expression (Dark Acid Mix).mp3","metadata":{"title":"Freedom of Expression (Dark Acid Mix)","artist":"A*S*Y*S, Kai Tracid & Tom Wax","albumArtist":null,"album":"Freedom of Expression (Dark Acid Mix)","genre":"Techno","trackNumber":1,"year":2020,"cover":"a1e26eb1-4377-4748-8f2f-3d0a004be7bc"},"match":null},{"id":"fce29c44-5e7c-47f1-b789-3e21ef8724b2","path":"Your Love (9PM)/Your Love (9PM).mp3","metadata":{"title":"Your Love (9PM)","artist":"ATB, Topic & A7S","albumArtist":"ATB, Topic & A7S","album":"Your Love (9PM)","genre":"Dance","trackNumber":1,"year":2021,"cover":"cf22cf9c-e01f-4c3c-9204-6f4eee72b261"},"match":null},{"id":"cffa6b7c-c655-4907-af53-80c3def6196d","path":"Jazz (We've Got)/Jazz (We've Got).mp3","metadata":{"title":"Jazz (We've Got)","artist":"A Tribe Called Quest","albumArtist":"A Tribe Called Quest","album":"Jazz (We've Got)","genre":"Hip-Hop, Rap","trackNumber":1,"year":1991,"cover":"52f19e69-3cc9-41ec-8e9e-398e4153c7dd"},"match":null},{"id":"ee73dea6-7be1-4109-908a-9afd7d57ddd7","path":"Could You Be Loved/Could You Be Loved (Discotron Remix).mp3","metadata":{"title":"Could You Be Loved (Discotron Remix)","artist":"Audio Jacker","albumArtist":"Audio Jacker","album":"Could You Be Loved","genre":"Disco","trackNumber":2,"year":2017,"cover":"3283722e-be4f-40e2-b755-22d5f2e8a611"},"match":null},{"id":"5f96f247-e9c1-4701-a410-e5f0e944ad68","path":"My Head & My Heart (Claptone Remix)/My Head & My Heart (Claptone Remix).mp3","metadata":{"title":"My Head & My Heart (Claptone Remix)","artist":"Ava Max","albumArtist":"Ava Max","album":"My Head & My Heart (Claptone Remix)","genre":"Dance","trackNumber":1,"year":2021,"cover":"a1598bbd-8c3b-409d-9ac3-80fabb2d7ff8"},"match":null},{"id":"9b17bed5-183f-4090-8b7d-4341fee13c88","path":"LE7ELS/LE7ELS (Skrillex Remix).mp3","metadata":{"title":"LE7ELS (Skrillex Remix)","artist":"Avicii","albumArtist":"Avicii","album":"LE7ELS","genre":"Dubstep","trackNumber":2,"year":2011,"cover":"eab8288e-46f4-4d9d-a4d4-1ab990f7ccdf"},"match":null},{"id":"53e99868-e3bd-45d7-8c51-571042c4b545","path":"LE7ELS/LE7ELS.mp3","metadata":{"title":"LE7ELS","artist":"Avicii","albumArtist":"Avicii","album":"LE7ELS","genre":"Progressive House","trackNumber":1,"year":2011,"cover":"eab8288e-46f4-4d9d-a4d4-1ab990f7ccdf"},"match":null},{"id":"677a2918-438c-49fe-96c6-12aa44d39ec3","path":"Hey Brother/Hey Brother.mp3","metadata":{"title":"Hey Brother","artist":"Avicii feat. Dan Tyminski","albumArtist":"Avicii","album":"Hey Brother","genre":"Progressive House","trackNumber":1,"year":2013,"cover":"e36cabcd-7fe1-4b90-bcbb-36407605a249"},"match":null},{"id":"bcc8b4fa-df22-476b-bcd6-49a6b1946ebc","path":"Wake Me Up/Wake Me Up.mp3","metadata":{"title":"Wake Me Up","artist":"Avicii feat. Aloe Blacc","albumArtist":"Avicii","album":"Wake Me Up","genre":"Progressive House","trackNumber":1,"year":2013,"cover":"da8ec99c-c41a-4bff-9b8d-e395218cf8be"},"match":null},{"id":"757f4f98-c772-4dd5-a2a0-f79cdd79f9dc","path":"I Could Be The One/I Could Be The One (Nicktim Extended Mix).mp3","metadata":{"title":"I Could Be The One (Nicktim Extended Mix)","artist":"Avicii & Nicky Romero feat. Noonie Bao","albumArtist":"Avicii & Nicky Romero","album":"I Could Be The One","genre":"Progressive House","trackNumber":3,"year":2012,"cover":"420832e2-999c-4914-a0af-9a4cf2ddae64"},"match":null},{"id":"1e64cec9-c203-4ec8-a3c4-97caab932576","path":"Let Go/Complicated.mp3","metadata":{"title":"Complicated","artist":"Avril Lavigne","albumArtist":"Avril Lavigne","album":"Let Go","genre":"Pop","trackNumber":2,"year":2002,"cover":"89052622-96c0-447e-9972-bb8dcd2c7e05"},"match":null},{"id":"7cb658c0-bc64-4ce0-bb79-b122de9c8dce","path":"Nobody Else (A-Trak Remix)/Nobody Else (A-Trak Remix).mp3","metadata":{"title":"Nobody Else (A-Trak Remix)","artist":"Axwell","albumArtist":"Axwell","album":"Nobody Else (A-Trak Remix)","genre":"House","trackNumber":1,"year":2019,"cover":"6552d4d3-566e-4a62-8627-0f04faae01cd"},"match":null},{"id":"6e4083b1-3429-4c34-aad6-239953b36258","path":"Nothin' On You/Nothin' On You.mp3","metadata":{"title":"Nothin' On You","artist":"B.o.B feat. Bruno Mars","albumArtist":"B.o.B","album":"Nothin' On You","genre":"Hip-Hop, Rap","trackNumber":1,"year":2013,"cover":"7994be2e-f81f-4562-8b0d-053b0ae2eac3"},"match":null},{"id":"8af48bb4-7c32-4c0c-8ec2-7a3dd6c97ecb","path":"Strange Clouds/So Good.mp3","metadata":{"title":"So Good","artist":"B.o.B","albumArtist":"B.o.B","album":"Strange Clouds","genre":"Hip-Hop, Rap","trackNumber":6,"year":2012,"cover":"5ceca1c2-a6c6-4923-9d7d-219afa3ca689"},"match":null},{"id":"9df56124-8cb9-4a7a-bba0-d85d68764f0b","path":"Harlem Shake/Harlem Shake.mp3","metadata":{"title":"Harlem Shake","artist":"Baauer","albumArtist":"Baauer","album":"Harlem Shake","genre":"Electro House","trackNumber":1,"year":2013,"cover":"6571499e-79c7-4783-bc02-2085ab8ab951"},"match":null},{"id":"64aeef41-a747-44a6-ab89-d762d082301c","path":"Un Verano Sin Ti/Efecto.mp3","metadata":{"title":"Efecto","artist":"Bad Bunny","albumArtist":"Bad Bunny","album":"Un Verano Sin Ti","genre":"Reggeton","trackNumber":10,"year":2022,"cover":"0d626a98-37ed-4dba-8d00-f8999b4c0222"},"match":null},{"id":"cb13c520-c6d1-4c21-a2be-9e05f66dfe75","path":"YHLQMDLG/La Difícil.mp3","metadata":{"title":"La Difícil","artist":"Bad Bunny","albumArtist":"Bad Bunny","album":"YHLQMDLG","genre":"Reggaeton","trackNumber":2,"year":2020,"cover":"7025ad9e-bc86-42fa-838b-00bd727174b4"},"match":null},{"id":"c4361115-1e6b-4182-8870-f267f5104567","path":"YHLQMDLG/Yo Perreo Sola.mp3","metadata":{"title":"Yo Perreo Sola","artist":"Bad Bunny","albumArtist":"Bad Bunny","album":"YHLQMDLG","genre":"Reggaeton","trackNumber":5,"year":2020,"cover":"7025ad9e-bc86-42fa-838b-00bd727174b4"},"match":null},{"id":"bccf1028-9e9c-4685-8d8d-650c56a4920f","path":"Callaita/Callaita.mp3","metadata":{"title":"Callaita","artist":"Bad Bunny & Tainy","albumArtist":"Bad Bunny & Tainy","album":"Callaita","genre":"Reggaeton","trackNumber":1,"year":2019,"cover":"0a726895-f91e-4cc3-98e6-27343218049e"},"match":null},{"id":"47fcecf0-0d43-4967-bbfb-8b089246ab83","path":"Shooting Stars/Shooting Stars.mp3","metadata":{"title":"Shooting Stars","artist":"Bag Raiders","albumArtist":"Bag Raiders","album":"Shooting Stars","genre":"Dance","trackNumber":1,"year":2009,"cover":"76c9e225-5621-4a2c-8785-7d43bc6bf9d6"},"match":null},{"id":"e635085a-5b3b-4b93-aa43-314ecfdea4d4","path":"Roll 'N Rock/Roll 'N Rock.mp3","metadata":{"title":"Roll 'N Rock","artist":"Bali Bandits","albumArtist":"Bali Bandits","album":"Roll 'N Rock","genre":"Future House","trackNumber":1,"year":2019,"cover":"7b564c9f-8a4a-44af-b84e-a5010b59c3d5"},"match":null},{"id":"0f9f7b2a-db2d-41af-af5e-22d656f6db87","path":"Bring That Beat/Bring That Beat.mp3","metadata":{"title":"Bring That Beat","artist":"Bassjackers","albumArtist":"Bassjackers","album":"Bring That Beat","genre":"Electro House","trackNumber":1,"year":2015,"cover":"356fde85-6aa3-4195-bced-cc6e860db973"},"match":null},{"id":"a5a6d999-4c9c-4adf-ab2d-cfaf44c60786","path":"Distorted Light Beam (CamelPhat Remix)/Distorted Light Beam (CamelPhat Remix).mp3","metadata":{"title":"Distorted Light Beam (CamelPhat Remix)","artist":"Bastille","albumArtist":"Bastille","album":"Distorted Light Beam (CamelPhat Remix)","genre":"Dance","trackNumber":1,"year":2021,"cover":"017876e7-a43a-4da4-8cd3-aa3beeda4b59"},"match":null},{"id":"e6b1f0b6-62d6-4c79-9360-3092566e68f0","path":"Beautiful (EDX Ibiza Sunrise Remix)/Beautiful (EDX Ibiza Sunrise Remix).mp3","metadata":{"title":"Beautiful (EDX Ibiza Sunrise Remix)","artist":"Bazzi feat. Camila Cabello","albumArtist":"Bazzi","album":"Beautiful (EDX Ibiza Sunrise Remix)","genre":"Pop","trackNumber":1,"year":2018,"cover":"2801546f-a06b-4e90-b216-17134d605372"},"match":null},{"id":"2d6f9fd9-8057-4712-866a-d0952c9c1174","path":"Cosmicc/Mine.mp3","metadata":{"title":"Mine","artist":"Bazzi","albumArtist":"Bazzi","album":"Cosmicc","genre":"Pop","trackNumber":14,"year":2017,"cover":"dd8f4c33-3058-41e1-9f80-9e79a9743a35"},"match":null},{"id":"521ee170-2558-459e-9090-15fb8c0a86a9","path":"BEC 001/Some Feelings.mp3","metadata":{"title":"Some Feelings","artist":"BEC","albumArtist":"BEC","album":"BEC 001","genre":"Techno","trackNumber":4,"year":2020,"cover":"60530792-c3ff-4c00-848e-9595de2f2366"},"match":null},{"id":"47f2763e-613b-42ea-8618-c861b7025b0d","path":"BEC 001/Time Illusion.mp3","metadata":{"title":"Time Illusion","artist":"BEC","albumArtist":"BEC","album":"BEC 001","genre":"Techno","trackNumber":3,"year":2020,"cover":"60530792-c3ff-4c00-848e-9595de2f2366"},"match":null},{"id":"91d347d2-fbad-49c5-b8d2-b2a8d43e3f6e","path":"BEC 001/Downwards Spiral.mp3","metadata":{"title":"Downwards Spiral","artist":"BEC","albumArtist":"BEC","album":"BEC 001","genre":"Techno","trackNumber":1,"year":2020,"cover":"60530792-c3ff-4c00-848e-9595de2f2366"},"match":null},{"id":"21577e8e-4f30-45ce-97a9-b117c4ff2a6f","path":"BEC 001/Maximal Minimal.mp3","metadata":{"title":"Maximal Minimal","artist":"BEC","albumArtist":"BEC","album":"BEC 001","genre":"Techno","trackNumber":2,"year":2020,"cover":"60530792-c3ff-4c00-848e-9595de2f2366"},"match":null},{"id":"438e0bab-411d-451e-b53d-29d405c72d8c","path":"Hindsight/All We Have Is Now.mp3","metadata":{"title":"All We Have Is Now","artist":"BEC","albumArtist":"BEC","album":"Hindsight","genre":"Techno","trackNumber":1,"year":2020,"cover":"f5cf5996-b021-44f8-b64e-e4bca532d173"},"match":null},{"id":"a7bb6053-b94e-443f-a744-56ab34fd76fd","path":"Hindsight/Black Onyx.mp3","metadata":{"title":"Black Onyx","artist":"BEC","albumArtist":"BEC","album":"Hindsight","genre":"Techno","trackNumber":4,"year":2020,"cover":"f5cf5996-b021-44f8-b64e-e4bca532d173"},"match":null},{"id":"c3160ee1-fe5c-426a-9d85-6d74af4dbdc9","path":"Hindsight/Choices, Chances.mp3","metadata":{"title":"Choices, Chances","artist":"BEC","albumArtist":"BEC","album":"Hindsight","genre":"Techno","trackNumber":3,"year":2020,"cover":"f5cf5996-b021-44f8-b64e-e4bca532d173"},"match":null},{"id":"d5ef509a-9d86-48e9-809d-83e1213346ee","path":"Hindsight/Hindsight.mp3","metadata":{"title":"Hindsight","artist":"BEC","albumArtist":"BEC","album":"Hindsight","genre":"Techno","trackNumber":2,"year":2020,"cover":"f5cf5996-b021-44f8-b64e-e4bca532d173"},"match":null},{"id":"10cb864c-35ee-4ac9-a1c5-12c794526571","path":"Psilocybin Therapy/Psilocybin Therapy.mp3","metadata":{"title":"Psilocybin Therapy","artist":"BEC","albumArtist":"BEC","album":"Psilocybin Therapy","genre":"Techno","trackNumber":1,"year":2021,"cover":"357f6da2-3e01-4ce8-aa49-b2b0b9bf2d66"},"match":null},{"id":"f0daa731-f92f-4d10-90f0-39d1462db9f0","path":"Psilocybin Therapy/Energy.mp3","metadata":{"title":"Energy","artist":"BEC","albumArtist":"BEC","album":"Psilocybin Therapy","genre":"Techno","trackNumber":3,"year":2021,"cover":"357f6da2-3e01-4ce8-aa49-b2b0b9bf2d66"},"match":null},{"id":"bc23f4b6-5615-4349-950f-a9d1387386fc","path":"Psilocybin Therapy/Psilocybin Therapy (Egbert Remix).mp3","metadata":{"title":"Psilocybin Therapy (Egbert Remix)","artist":"BEC","albumArtist":"BEC","album":"Psilocybin Therapy","genre":"Techno","trackNumber":2,"year":2021,"cover":"357f6da2-3e01-4ce8-aa49-b2b0b9bf2d66"},"match":null},{"id":"231ef615-5fda-4027-b5ce-072b0b23678f","path":"Stayin' Alive/Stayin' Alive.mp3","metadata":{"title":"Stayin' Alive","artist":"Bee Gees","albumArtist":"Bee Gees","album":"Stayin' Alive","genre":"Disco","trackNumber":1,"year":1977,"cover":"e2e15f4e-251e-4d43-994b-d243cca12af4"},"match":null},{"id":"3ce4a3b4-a129-4f84-8c6e-24b0f67611b6","path":"Calibrator/Calibrator.mp3","metadata":{"title":"Calibrator","artist":"Bellecour & SQWAD","albumArtist":"Bellecour & SQWAD","album":"Calibrator","genre":"Bass House","trackNumber":1,"year":2019,"cover":"5961272a-9c15-4479-9b6c-d3e169815168"},"match":null},{"id":"dab71879-d6e7-41e9-8e15-229e1975985c","path":"Soaked/Soaked.mp3","metadata":{"title":"Soaked","artist":"Benee","albumArtist":"Benee","album":"Soaked","genre":"Alternative, Indie","trackNumber":1,"year":2018,"cover":"e6e38c85-46d1-4176-9de9-30893b014cb6"},"match":null},{"id":"8ad6f8f0-4a38-43dd-b895-1eb347c979e1","path":"Blind/Blind.mp3","metadata":{"title":"Blind","artist":"Ben Hemsley","albumArtist":"Ben Hemsley","album":"Blind","genre":"Tech House","trackNumber":1,"year":2020,"cover":"7816439c-f5e7-419d-b87a-0c45ddfa2bc5"},"match":null},{"id":"722cdd99-1045-432c-abc7-9617208d856d","path":"I Feel Love/Enter the Rave.mp3","metadata":{"title":"Enter the Rave","artist":"Ben Hemsley","albumArtist":"Ben Hemsley","album":"I Feel Love","genre":"Techno","trackNumber":2,"year":2021,"cover":"b7b535b6-1015-4e03-be81-2df5d7716c6b"},"match":null},{"id":"1805601d-7f4f-466c-83a7-abc3b0704fb2","path":"I Feel Love/I Feel Love.mp3","metadata":{"title":"I Feel Love","artist":"Ben Hemsley","albumArtist":"Ben Hemsley","album":"I Feel Love","genre":"Techno","trackNumber":1,"year":2021,"cover":"b7b535b6-1015-4e03-be81-2df5d7716c6b"},"match":null},{"id":"128c1518-b168-4768-b46a-9d95d9023b7f","path":"King Of Darkness/Blotter.mp3","metadata":{"title":"Blotter","artist":"Ben Hemsley","albumArtist":"Ben Hemsley","album":"King Of Darkness","genre":"Tech House","trackNumber":4,"year":2020,"cover":"1c25246b-6fb5-4fbd-9daf-6ab07313bc9e"},"match":null},{"id":"f88a1602-450d-4ba7-80bd-97532fa46adc","path":"King Of Darkness/King Of Darkness.mp3","metadata":{"title":"King Of Darkness","artist":"Ben Hemsley feat. Daddy Dino","albumArtist":"Ben Hemsley","album":"King Of Darkness","genre":"Tech House","trackNumber":1,"year":2020,"cover":"1c25246b-6fb5-4fbd-9daf-6ab07313bc9e"},"match":null},{"id":"0abb94c0-b4b9-4a1a-b036-f00bc5f10aaf","path":"King Of Darkness/Please Playboy.mp3","metadata":{"title":"Please Playboy","artist":"Ben Hemsley","albumArtist":"Ben Hemsley","album":"King Of Darkness","genre":"Techno","trackNumber":2,"year":2020,"cover":"1c25246b-6fb5-4fbd-9daf-6ab07313bc9e"},"match":null},{"id":"b564dc32-4fce-41bb-bd6b-d3aab30c0475","path":"King Of Darkness/Shields Possy.mp3","metadata":{"title":"Shields Possy","artist":"Ben Hemsley","albumArtist":"Ben Hemsley","album":"King Of Darkness","genre":"Tech House","trackNumber":3,"year":2020,"cover":"1c25246b-6fb5-4fbd-9daf-6ab07313bc9e"},"match":null},{"id":"73ac6d6e-d4e5-4144-be60-1fbdb31e81d5","path":"Through 2 You/Through 2 You.mp3","metadata":{"title":"Through 2 You","artist":"Ben Hemsley","albumArtist":"Ben Hemsley","album":"Through 2 You","genre":"House","trackNumber":1,"year":2021,"cover":"92471129-e436-4223-a2a6-181664e591eb"},"match":null},{"id":"c42d9b30-9cd9-4628-b9f1-b15b289b529d","path":"We Are Sound/Ayee.mp3","metadata":{"title":"Ayee","artist":"Ben Hemsley","albumArtist":"Ben Hemsley","album":"We Are Sound","genre":"Tech House","trackNumber":2,"year":2021,"cover":"5f08005a-3342-476b-b1de-ce6812dd7f2d"},"match":null},{"id":"cc80f37d-e8a0-4334-b04a-dec24ea973a0","path":"We Are Sound/We Are Sound.mp3","metadata":{"title":"We Are Sound","artist":"Ben Hemsley","albumArtist":"Ben Hemsley","album":"We Are Sound","genre":"Tech House","trackNumber":1,"year":2021,"cover":"5f08005a-3342-476b-b1de-ce6812dd7f2d"},"match":null},{"id":"9f40e3a9-11c9-4826-9847-f6a688cb0aff","path":"Somebody To Love/Somebody To Love.mp3","metadata":{"title":"Somebody To Love","artist":"Ben Kim","albumArtist":"Ben Kim","album":"Somebody To Love","genre":"Tech House","trackNumber":1,"year":2021,"cover":"9c6423b7-460e-47a3-94e7-22b64c94df9a"},"match":null},{"id":"4ea47b57-fafa-466b-80c4-094a8c112664","path":"Cinema/Cinema (Skrillex Remix).mp3","metadata":{"title":"Cinema (Skrillex Remix)","artist":"Benny Benassi feat. Gary Go","albumArtist":"Benny Benassi","album":"Cinema","genre":"Dubstep","trackNumber":4,"year":2011,"cover":"13bc0541-c123-4778-b038-3d2d2cd0a747"},"match":null},{"id":"71d030c2-0ca7-49ab-bbee-d5e56973c882","path":"Cinema/Cinema.mp3","metadata":{"title":"Cinema","artist":"Benny Benassi feat. Gary Go","albumArtist":"Benny Benassi","album":"Cinema","genre":"Electro House","trackNumber":1,"year":2011,"cover":"13bc0541-c123-4778-b038-3d2d2cd0a747"},"match":null},{"id":"297cd240-b87a-4c88-8b7f-7ee2852ab16e","path":"Satisfaction/Satisfaction.mp3","metadata":{"title":"Satisfaction","artist":"Benny Benassi","albumArtist":"Benny Benassi","album":"Satisfaction","genre":"Electro House","trackNumber":1,"year":2002,"cover":"65e25c91-7217-47ad-8f5b-81ac7815c46e"},"match":null},{"id":"bfd3ed62-8199-48df-9bc8-62b94f0f1381","path":"Crazy In Love/Crazy In Love.mp3","metadata":{"title":"Crazy In Love","artist":"Beyoncé feat. Jay-Z","albumArtist":"Beyoncé","album":"Crazy In Love","genre":"R&B, Soul","trackNumber":1,"year":2003,"cover":"6726c727-50c4-4ad7-8b61-3fc91d62d205"},"match":null},{"id":"af0d3e2a-90bf-47f0-9763-38540fd2d671","path":"Irreplaceable/Irreplaceable.mp3","metadata":{"title":"Irreplaceable","artist":"Beyoncé","albumArtist":"Beyoncé","album":"Irreplaceable","genre":"R&B, Soul","trackNumber":1,"year":2006,"cover":"f7942001-77a3-45b1-baf1-ed878c05628d"},"match":null},{"id":"cb41ede4-cde2-4d38-bc3b-515caaa500e6","path":"RENAISSANCE/SUMMER RENAISSANCE.mp3","metadata":{"title":"SUMMER RENAISSANCE","artist":"Beyoncé","albumArtist":"Beyoncé","album":"RENAISSANCE","genre":"Dance","trackNumber":16,"year":2022,"cover":"7216cb00-bde3-42fc-8608-cf865523b0b9"},"match":null},{"id":"60179721-85a5-4f08-aa12-8fa68b2e2930","path":"RENAISSANCE/BREAK MY SOUL.mp3","metadata":{"title":"BREAK MY SOUL","artist":"Beyoncé","albumArtist":"Beyoncé","album":"RENAISSANCE","genre":"Dance","trackNumber":6,"year":2022,"cover":"7216cb00-bde3-42fc-8608-cf865523b0b9"},"match":null},{"id":"e2b0584b-f99d-4e4f-992f-7567f58854f4","path":"Sweet Dreams/Sweet Dreams (Steve Pitron & Max Sanna Remix).mp3","metadata":{"title":"Sweet Dreams (Steve Pitron & Max Sanna Remix)","artist":"Beyoncé","albumArtist":"Beyoncé","album":"Sweet Dreams","genre":"Electro House","trackNumber":2,"year":2009,"cover":"753a2477-5b1c-4e72-bfdb-25c4bf6893ba"},"match":null},{"id":"d3a90bdc-8f13-4452-89da-7acf02eb7916","path":"Sweet Dreams/Sweet Dreams.mp3","metadata":{"title":"Sweet Dreams","artist":"Beyoncé","albumArtist":"Beyoncé","album":"Sweet Dreams","genre":"Pop","trackNumber":1,"year":2009,"cover":"753a2477-5b1c-4e72-bfdb-25c4bf6893ba"},"match":null},{"id":"a5043a2d-a3be-451e-b700-cdc74f20b546","path":"BOOMIVERSE/All Night.mp3","metadata":{"title":"All Night","artist":"Big Boi","albumArtist":"Big Boi","album":"BOOMIVERSE","genre":"Hip-Hop, Rap","trackNumber":6,"year":2017,"cover":"21e92fda-d311-473c-9c99-2ef989dfd935"},"match":null},{"id":"574992b6-6c46-4662-bc89-636c6ce6cd5d","path":"bellyache/bellyache.mp3","metadata":{"title":"bellyache","artist":"Billie Eilish","albumArtist":"Billie Eilish","album":"bellyache","genre":"Pop","trackNumber":1,"year":2017,"cover":"81af497f-d17c-487d-8f0f-3bc98d6742ea"},"match":null},{"id":"96fe6a73-de3e-4a8e-811f-03c217232773","path":"Drum/Drum.mp3","metadata":{"title":"Drum","artist":"Biscits","albumArtist":"Biscits","album":"Jungle Sounds","genre":"Tech House","trackNumber":2,"year":2021,"cover":"e9a92cbf-0b00-4fbe-9a52-70484ec194b7"},"match":null},{"id":"a14eab01-3040-47a0-8b01-e0698489dc56","path":"Drum/Jungle Sounds.mp3","metadata":{"title":"Jungle Sounds","artist":"Biscits","albumArtist":"Biscits","album":"Jungle Sounds","genre":"Tech House","trackNumber":1,"year":2021,"cover":"e9a92cbf-0b00-4fbe-9a52-70484ec194b7"},"match":null},{"id":"5b56ede6-74e2-4dd2-bc02-b749b4377994","path":"Do It Like This/Do It Like This.mp3","metadata":{"title":"Do It Like This","artist":"Biscits","albumArtist":"Biscits","album":"Do It Like This","genre":"Tech House","trackNumber":1,"year":2018,"cover":"4e45898f-9171-47c2-a0e9-544ebcc860b2"},"match":null},{"id":"9baef29d-f8fc-4f47-9d9f-28c25f0973f6","path":"In My Head/In My Head.mp3","metadata":{"title":"In My Head","artist":"Biscits","albumArtist":"Biscits","album":"In My Head","genre":"Tech House","trackNumber":1,"year":2021,"cover":"6c479afb-5e3a-41ab-939f-959e2209a1a6"},"match":null},{"id":"72e7fd05-3106-4e33-aef0-d9f2937b3c36","path":"Talk To Me/Talk To Me.mp3","metadata":{"title":"Talk To Me","artist":"Biscits","albumArtist":"Biscits","album":"Talk To Me","genre":"Tech House","trackNumber":1,"year":2021,"cover":"64e21bdb-f217-4af4-bb06-275bb777160c"},"match":null},{"id":"359ff367-b7bd-45f9-8986-b212b60c073b","path":"Wait A Minute/Wait A Minute.mp3","metadata":{"title":"Wait A Minute","artist":"Biscits","albumArtist":"Biscits","album":"Wait A Minute","genre":"Tech House","trackNumber":1,"year":2021,"cover":"8fe33341-69db-41b5-afff-e0c0314e3abd"},"match":null},{"id":"fa765a13-6718-40a5-8c6c-9f324cab91f2","path":"Without U/Your Body.mp3","metadata":{"title":"Your Body","artist":"Biscits","albumArtist":"Biscits","album":"Without U","genre":"Tech House","trackNumber":13,"year":2022,"cover":"04abf1eb-7e50-4fd2-a3b5-71e6d6cd617c"},"match":null},{"id":"52b9aef3-ba37-4173-9e53-9f0ad5fae012","path":"Conducta/Fez Mangal.mp3","metadata":{"title":"Fez Mangal","artist":"Conducta & Notion","albumArtist":"Conducta","album":"BK2SKL","genre":"Tech House","trackNumber":1,"year":2019,"cover":"c4cb220c-a5e8-40da-bd77-15e44cb47943"},"match":null},{"id":"f7f5b1fa-54a3-4f1f-a823-46630ebf2d41","path":"Conducta/Whippet.mp3","metadata":{"title":"Whippet","artist":"Conducta & Sammy Virji","albumArtist":"Conducta","album":"BK2SKL","genre":"Tech House","trackNumber":2,"year":2019,"cover":"c4cb220c-a5e8-40da-bd77-15e44cb47943"},"match":null},{"id":"0a4ec810-18b6-4d37-b6ac-bd81e545ea02","path":"Ride On Time/Ride On Time.mp3","metadata":{"title":"Ride On Time","artist":"Black Box","albumArtist":"Black Box","album":"Ride On Time","genre":"Disco","trackNumber":1,"year":1989,"cover":"ed201039-b5eb-408f-8221-7f0566821760"},"match":null},{"id":"7c92e833-b6b8-4b7b-9674-a138a3a41355","path":"Want You (Leonail Remix)/Want You (Leonail Remix).mp3","metadata":{"title":"Want You (Leonail Remix)","artist":"Blaikz","albumArtist":"Blaikz","album":"Want You (Leonail Remix)","genre":"Tech House","trackNumber":1,"year":2020,"cover":"2971a198-cfbb-4ad4-aadb-b477cde151f9"},"match":null},{"id":"41e41c7a-f4f7-4b4e-b272-f11a9e0c42ae","path":"Blasterjaxx Booster Pack/Malefic.mp3","metadata":{"title":"Malefic","artist":"Blasterjaxx","albumArtist":"Blasterjaxx","album":"Blasterjaxx Booster Pack","genre":"Big Room","trackNumber":1,"year":2017,"cover":"fc892dbe-6ad6-472d-a135-7bcd35a0d156"},"match":null},{"id":"aa76c2e9-a408-4a39-adf2-5461a9fa86cf","path":"Heart Of Glass/Heart Of Glass.mp3","metadata":{"title":"Heart Of Glass","artist":"Block & Crown","albumArtist":"Block & Crown","album":"Heart Of Glass","genre":"Funky House","trackNumber":1,"year":2022,"cover":"9edb8536-aa27-4e66-81ab-c1e7cee792bc"},"match":null},{"id":"e50794b6-2275-4230-a6b5-7e0ffa61594e","path":"You're A Freak/You're A Freak.mp3","metadata":{"title":"You're A Freak","artist":"Block & Crown","albumArtist":"Block & Crown","album":"You're A Freak","genre":"House","trackNumber":1,"year":2023,"cover":"76bcf2f1-ae05-4e01-bd1d-c636e3345580"},"match":null},{"id":"fbf5a88c-6ca5-49a0-9f26-5b316c610c50","path":"Keep On/Keep On.mp3","metadata":{"title":"Keep On","artist":"Block & Crown & Lissat","albumArtist":"Block & Crown & Lissat","album":"Keep On","genre":"House","trackNumber":1,"year":2022,"cover":"556f72a3-24db-417a-8f46-188bf7fb0bd8"},"match":null},{"id":"795544df-805f-4998-a4d2-437924bd0867","path":"Flashdancer/Flashdancer.mp3","metadata":{"title":"Flashdancer","artist":"Block & Crown & Maickel Telussa","albumArtist":"Block & Crown & Maickel Telussa","album":"Flashdancer","genre":"Funky House","trackNumber":1,"year":2022,"cover":"91665894-40f0-4e51-922b-f485c146e4bd"},"match":null},{"id":"32c37a36-da2c-40a1-9a86-ef8c29830a64","path":"Remember Me (David Penn Remix)/Remember Me (David Penn Remix).mp3","metadata":{"title":"Remember Me (David Penn Remix)","artist":"Blue Boy","albumArtist":"Blue Boy","album":"Remember Me (David Penn Remix)","genre":"House","trackNumber":1,"year":2020,"cover":"f3f31a91-77d8-4a4b-9fc1-cbdafea95867"},"match":null},{"id":"80d8056c-915d-4c49-892b-8cdd527c30f4","path":"Legend/Could You Be Loved (Damian Marley Remix).mp3","metadata":{"title":"Could You Be Loved (Damian Marley Remix)","artist":"Bob Marley & The Wailers","albumArtist":"Bob Marley & The Wailers","album":"Legend","genre":"Reggae","trackNumber":18,"year":1993,"cover":"3842e47b-3323-47e1-9242-45dc6817e7a5"},"match":null},{"id":"57168b58-8f2f-4602-9d53-1dbbda98bc7d","path":"Legend/Could You Be Loved.mp3","metadata":{"title":"Could You Be Loved","artist":"Bob Marley & The Wailers","albumArtist":"Bob Marley & The Wailers","album":"Legend","genre":"Reggae","trackNumber":3,"year":1993,"cover":"3842e47b-3323-47e1-9242-45dc6817e7a5"},"match":null},{"id":"0f06f162-5243-40f4-9ebd-c5ceabf0983c","path":"Legend/Buffalo Soldier.mp3","metadata":{"title":"Buffalo Soldier","artist":"Bob Marley & The Wailers","albumArtist":"Bob Marley & The Wailers","album":"Legend","genre":"Reggae","trackNumber":5,"year":1993,"cover":"3842e47b-3323-47e1-9242-45dc6817e7a5"},"match":null},{"id":"9a592877-61d7-4fe4-8fd9-4fe12ed4d7d6","path":"Legend/Exodus.mp3","metadata":{"title":"Exodus","artist":"Bob Marley & The Wailers","albumArtist":"Bob Marley & The Wailers","album":"Legend","genre":"Reggae","trackNumber":14,"year":1993,"cover":"3842e47b-3323-47e1-9242-45dc6817e7a5"},"match":null},{"id":"f403dec8-6fed-4a1e-b1bc-ecb55c28c715","path":"Legend/Easy Skanking.mp3","metadata":{"title":"Easy Skanking","artist":"Bob Marley & The Wailers","albumArtist":"Bob Marley & The Wailers","album":"Legend","genre":"Reggae","trackNumber":8,"year":1993,"cover":"3842e47b-3323-47e1-9242-45dc6817e7a5"},"match":null},{"id":"01f1e5f2-2cca-494e-a2b0-e205717ec7c2","path":"Legend/I Shot The Sheriff.mp3","metadata":{"title":"I Shot The Sheriff","artist":"Bob Marley & The Wailers","albumArtist":"Bob Marley & The Wailers","album":"Legend","genre":"Reggae","trackNumber":10,"year":1993,"cover":"3842e47b-3323-47e1-9242-45dc6817e7a5"},"match":null},{"id":"f9008642-a17c-458e-ac68-9fc1c84fdeac","path":"Legend/Get Up Stand Up.mp3","metadata":{"title":"Get Up Stand Up","artist":"Bob Marley & The Wailers","albumArtist":"Bob Marley & The Wailers","album":"Legend","genre":"Reggae","trackNumber":6,"year":1993,"cover":"3842e47b-3323-47e1-9242-45dc6817e7a5"},"match":null},{"id":"5b39e29b-b28a-4a72-8e19-6274ffbc0780","path":"Legend/Jammin (Kungs Remix).mp3","metadata":{"title":"Jamming (Kungs Remix)","artist":"Bob Marley & The Wailers","albumArtist":"Bob Marley & The Wailers","album":"Legend","genre":"Dance","trackNumber":11,"year":1993,"cover":"3842e47b-3323-47e1-9242-45dc6817e7a5"},"match":null},{"id":"deaf9198-ab53-48f4-9651-08006267aff7","path":"Legend/Is This Love.mp3","metadata":{"title":"Is This Love","artist":"Bob Marley & The Wailers","albumArtist":"Bob Marley & The Wailers","album":"Legend","genre":"Reggae","trackNumber":1,"year":1993,"cover":"3842e47b-3323-47e1-9242-45dc6817e7a5"},"match":null},{"id":"51d62c1e-59c9-4146-9b12-d483c36d44d3","path":"Legend/Is This Love (Montmartre Remix).mp3","metadata":{"title":"Is This Love (Montmartre Remix)","artist":"Bob Marley & The Wailers","albumArtist":"Bob Marley & The Wailers","album":"Legend","genre":"Dance","trackNumber":17,"year":1993,"cover":"3842e47b-3323-47e1-9242-45dc6817e7a5"},"match":null},{"id":"d6bd1ac2-c66e-4325-a9d9-fed85943c5a0","path":"Legend/No Woman No Cry (live).mp3","metadata":{"title":"No Woman No Cry (live)","artist":"Bob Marley & The Wailers","albumArtist":"Bob Marley & The Wailers","album":"Legend","genre":"Reggae","trackNumber":2,"year":1993,"cover":"3842e47b-3323-47e1-9242-45dc6817e7a5"},"match":null},{"id":"3786d1dd-a225-46d7-9682-aa59d51fee3d","path":"Legend/Redemption Song.mp3","metadata":{"title":"Redemption Song","artist":"Bob Marley & The Wailers","albumArtist":"Bob Marley & The Wailers","album":"Legend","genre":"Reggae","trackNumber":12,"year":1993,"cover":"3842e47b-3323-47e1-9242-45dc6817e7a5"},"match":null},{"id":"b99d173c-9359-4860-ad34-eff77f4c5ef8","path":"Legend/Jamming.mp3","metadata":{"title":"Jamming","artist":"Bob Marley & The Wailers","albumArtist":"Bob Marley & The Wailers","album":"Legend","genre":"Reggae","trackNumber":15,"year":1993,"cover":"3842e47b-3323-47e1-9242-45dc6817e7a5"},"match":null},{"id":"b1d382df-190e-4d15-b2d7-207e852ce6a5","path":"Legend/One Love _ People Get Ready.mp3","metadata":{"title":"One Love / People Get Ready","artist":"Bob Marley & The Wailers","albumArtist":"Bob Marley & The Wailers","album":"Legend","genre":"Reggae","trackNumber":9,"year":1993,"cover":"3842e47b-3323-47e1-9242-45dc6817e7a5"},"match":null},{"id":"ad67fe2d-978c-4894-8389-8d0a9c616c0d","path":"Legend/Satisfy My Soul.mp3","metadata":{"title":"Satisfy My Soul","artist":"Bob Marley & The Wailers","albumArtist":"Bob Marley & The Wailers","album":"Legend","genre":"Reggae","trackNumber":13,"year":1993,"cover":"3842e47b-3323-47e1-9242-45dc6817e7a5"},"match":null},{"id":"4e011501-14a7-4a88-8efc-8c5da763c11c","path":"Legend/Three Little Birds.mp3","metadata":{"title":"Three Little Birds","artist":"Bob Marley & The Wailers","albumArtist":"Bob Marley & The Wailers","album":"Legend","genre":"Reggae","trackNumber":4,"year":1993,"cover":"3842e47b-3323-47e1-9242-45dc6817e7a5"},"match":null},{"id":"ee733b7e-b0a7-4c91-b2e2-52b5166b6491","path":"Legend/Punky Reggae Party.mp3","metadata":{"title":"Punky Reggae Party","artist":"Bob Marley & The Wailers","albumArtist":"Bob Marley & The Wailers","album":"Legend","genre":"Reggae","trackNumber":16,"year":1993,"cover":"3842e47b-3323-47e1-9242-45dc6817e7a5"},"match":null},{"id":"e7fe9d56-9e33-43dc-a436-7904e4cdc46c","path":"Legend/Stir It Up.mp3","metadata":{"title":"Stir It Up","artist":"Bob Marley & The Wailers","albumArtist":"Bob Marley & The Wailers","album":"Legend","genre":"Reggae","trackNumber":7,"year":1993,"cover":"3842e47b-3323-47e1-9242-45dc6817e7a5"},"match":null},{"id":"2f27c767-fa49-41f8-807b-a7e29a7db028","path":"Legend/Waiting in Vain.mp3","metadata":{"title":"Waiting in Vain","artist":"Bob Marley & The Wailers","albumArtist":"Bob Marley & The Wailers","album":"Legend","genre":"Reggae","trackNumber":11,"year":1993,"cover":"3842e47b-3323-47e1-9242-45dc6817e7a5"},"match":null},{"id":"21616911-662d-4fdf-b569-70b01044c711","path":"Desire (Vintage Culture & Kiko Franco Remix)/Desire (Vintage Culture & Kiko Franco Remix).mp3","metadata":{"title":"Desire (Vintage Culture & Kiko Franco Remix)","artist":"Bob Moses & ZHU","albumArtist":"Bob Moses & ZHU","album":"Desire (Vintage Culture & Kiko Franco Remix)","genre":"Melodic Techno","trackNumber":1,"year":2021,"cover":"b8841f4c-ec9d-4690-9824-227503441438"},"match":null},{"id":"24e779b3-7c06-49df-a2f5-a610626fbb85","path":"Desire (Charlotte de Witte Remix)/Desire (Charlotte de Witte Remix).mp3","metadata":{"title":"Desire (Charlotte de Witte Remix)","artist":"Bob Moses & ZHU","albumArtist":"Bob Moses & ZHU","album":"Desire (Charlotte de Witte Remix)","genre":"Techno","trackNumber":1,"year":2020,"cover":"5f8599d0-bff6-4832-909c-474d6edff905"},"match":null},{"id":"6751805a-cddb-4419-bede-945fa52d1e24","path":"I Feel for You (Mercer Extended Remix)/I Feel for You (Mercer Extended Remix).mp3","metadata":{"title":"I Feel for You (Mercer Extended Remix)","artist":"Bob Sinclar","albumArtist":"Bob Sinclar","album":"I Feel for You (Mercer Extended Remix)","genre":"House","trackNumber":1,"year":2020,"cover":"18dd52fe-1239-48f9-b8c0-d563ce3442e6"},"match":null},{"id":"b388261a-51ad-4b42-8677-2465e1711502","path":"I Feel For You (Star B Remix)/I Feel For You (Star B Remix).mp3","metadata":{"title":"I Feel For You (Star B Remix)","artist":"Bob Sinclar","albumArtist":"Bob Sinclar","album":"I Feel For You (Star B Remix)","genre":"House","trackNumber":1,"year":2022,"cover":"ec4e004b-39ba-4e82-a8e0-36ccb3f9974d"},"match":null},{"id":"9e3e3a9a-6c15-4540-ab69-3367aadf2b3f","path":"World Hold On (Fisher Rework)/World Hold On (Fisher Remix).mp3","metadata":{"title":"World Hold On (Fisher Rework)","artist":"Bob Sinclar feat. Steve Edwards","albumArtist":"Bob Sinclar","album":"World Hold On (Fisher Rework)","genre":"Tech House","trackNumber":1,"year":2022,"cover":"57bfb4b0-670f-4f4a-9abd-984ff1903bf0"},"match":null},{"id":"e3ac0610-a368-4f45-9d43-dd85c17ea5ae","path":"Rock This Party/Rock This Party.mp3","metadata":{"title":"Rock This Party","artist":"Bob Sinclar & Cutee B feat. Dollarman, Big Ali & Makedah","albumArtist":"Bob Sinclar & Cutee B","album":"Rock This Party","genre":"Dance","trackNumber":1,"year":2006,"cover":"a50e3ee4-b725-496f-a974-7ec3036f7d82"},"match":null},{"id":"56d2b5bf-6989-4a69-bde5-1bdccb9d519c","path":"Ready Or Not (Here I Come)/Ready Or Not (Here I Come).mp3","metadata":{"title":"Ready Or Not (Here I Come)","artist":"Bodybangers","albumArtist":"Bodybangers","album":"Ready Or Not (Here I Come)","genre":"Future House","trackNumber":1,"year":2019,"cover":"62069609-19d9-4d29-8d62-4685aef3a89e"},"match":null}]